"id","book_id","user_id"
"251","157","10024"
"252","591","10024"
"253","424","10024"
"254","736","10024"
"255","612","10024"
"256","983","166298"
"257","582","166298"
"258","673","166298"
"259","941","166298"
"260","582","166298"
"261","705","39504"
"262","135","39504"
"263","536","39504"
"264","557","39504"
"265","279","39504"
"266","934","219592"
"267","98","219592"
"268","757","219592"
"269","63","219592"
"270","120","219592"
"271","834","44224"
"272","1149","44224"
"273","84","44224"
"274","568","44224"
"275","204","44224"
"276","944","276384"
"277","350","276384"
"278","132","276384"
"279","253","276384"
"280","911","276384"
"281","833","278230"
"282","384","278230"
"283","924","278230"
"284","507","278230"
"285","512","278230"
"286","960","5481"
"287","916","5481"
"288","539","5481"
"289","924","5481"
"290","335","5481"
"291","206","231586"
"292","241","231586"
"293","928","231586"
"294","17","231586"
"295","30","231586"
"296","135","218263"
"297","570","218263"
"298","320","218263"
"299","937","218263"
"300","97","218263"
"301","730","271791"
"302","242","271791"
"303","103","271791"
"304","485","271791"
"305","625","271791"
"306","614","20496"
"307","748","20496"
"308","306","20496"
"309","472","20496"
"310","970","20496"
"311","49","112532"
"312","1001","112532"
"313","1142","112532"
"314","1128","112532"
"315","628","112532"
"316","101","144940"
"317","64","144940"
"318","24","144940"
"319","527","144940"
"320","88","144940"
"321","479","211496"
"322","24","211496"
"323","563","211496"
"324","65","211496"
"325","497","211496"
"326","1022","120407"
"327","287","120407"
"328","1051","120407"
"329","490","120407"
"330","749","120407"
"331","935","222212"
"332","463","222212"
"333","832","222212"
"334","223","222212"
"335","885","222212"
"336","281","116723"
"337","1032","116723"
"338","681","116723"
"339","1060","116723"
"340","864","116723"
"341","693","118400"
"342","382","118400"
"343","615","118400"
"344","152","118400"
"345","1060","118400"
"346","27","581"
"347","48","581"
"348","1023","581"
"349","144","581"
"350","844","581"
"351","76","581"
"352","936","581"
"353","622","581"
"354","954","581"
"355","1049","581"
"356","453","86648"
"357","222","86648"
"358","19","86648"
"359","699","86648"
"360","859","86648"
"361","742","63930"
"362","41","63930"
"363","1114","63930"
"364","832","63930"
"365","1129","63930"
"366","241","29669"
"367","237","29669"
"368","107","29669"
"369","1116","29669"
"370","238","29669"
"371","730","225302"
"372","603","225302"
"373","357","225302"
"374","995","225302"
"375","1060","225302"
"376","665","125456"
"377","438","125456"
"378","49","125456"
"379","242","125456"
"380","343","125456"
"381","133","228277"
"382","629","228277"
"383","360","228277"
"384","1146","228277"
"385","438","228277"
"386","676","247731"
"387","16","247731"
"388","1125","247731"
"389","316","247731"
"390","1089","247731"
"391","851","102740"
"392","955","102740"
"393","958","102740"
"394","747","102740"
"395","990","102740"
"396","677","130329"
"397","950","130329"
"398","63","130329"
"399","1150","130329"
"400","13","130329"
"401","772","215072"
"402","1133","215072"
"403","726","215072"
"404","241","215072"
"405","952","215072"
"406","532","115251"
"407","610","115251"
"408","791","115251"
"409","1008","115251"
"410","636","115251"
"411","975","58465"
"412","721","58465"
"413","273","58465"
"414","7","58465"
"415","366","58465"
"416","228","250652"
"417","299","250652"
"418","390","250652"
"419","447","250652"
"420","199","250652"
"421","753","270892"
"422","603","270892"
"423","349","270892"
"424","18","270892"
"425","483","270892"
"426","483","87466"
"427","567","87466"
"428","234","87466"
"429","811","87466"
"430","54","87466"
"431","356","223066"
"432","545","223066"
"433","726","223066"
"434","1044","223066"
"435","1147","223066"
"436","1053","237126"
"437","785","237126"
"438","360","237126"
"439","136","237126"
"440","562","237126"
"441","246","44224"
"442","370","44224"
"443","831","44224"
"444","415","44224"
"445","142","44224"
"446","344","113758"
"447","762","113758"
"448","974","113758"
"449","790","113758"
"450","954","113758"
"451","730","64982"
"452","417","64982"
"453","700","64982"
"454","1122","64982"
"455","122","64982"
"456","522","162885"
"457","567","162885"
"458","134","162885"
"459","704","162885"
"460","910","162885"
"461","770","178759"
"462","396","178759"
"463","629","178759"
"464","64","178759"
"465","591","178759"
"466","706","114206"
"467","958","114206"
"468","963","114206"
"469","572","114206"
"470","3","114206"
"471","728","212510"
"472","704","212510"
"473","333","212510"
"474","762","212510"
"475","896","212510"
"476","154","153167"
"477","574","153167"
"478","160","153167"
"479","227","153167"
"480","604","153167"
"481","818","193812"
"482","1054","193812"
"483","1067","193812"
"484","742","193812"
"485","740","193812"
"486","442","122981"
"487","689","122981"
"488","343","122981"
"489","185","122981"
"490","13","122981"
"491","38","200601"
"492","753","200601"
"493","373","200601"
"494","548","200601"
"495","899","200601"
"496","992","171750"
"497","1134","171750"
"498","534","171750"
"499","371","171750"
"500","452","171750"
"501","315","261897"
"502","596","261897"
"503","102","261897"
"504","318","261897"
"505","623","261897"
"506","610","211496"
"507","433","211496"
"508","946","211496"
"509","791","211496"
"510","307","211496"
"511","612","115492"
"512","1138","115492"
"513","418","115492"
"514","1040","115492"
"515","346","115492"
"516","772","140687"
"517","713","140687"
"518","868","140687"
"519","257","140687"
"520","897","140687"
"521","907","20868"
"522","555","20868"
"523","654","20868"
"524","1090","20868"
"525","941","20868"
"526","1136","175765"
"527","164","175765"
"528","381","175765"
"529","555","175765"
"530","747","175765"
"531","947","152485"
"532","1085","152485"
"533","18","152485"
"534","532","152485"
"535","283","152485"
"536","1148","128773"
"537","939","128773"
"538","400","128773"
"539","309","128773"
"540","954","128773"
"541","813","225302"
"542","131","225302"
"543","1023","225302"
"544","301","225302"
"545","918","225302"
"546","257","21533"
"547","678","21533"
"548","380","21533"
"549","1076","21533"
"550","1117","21533"
"551","618","234575"
"552","689","234575"
"553","1101","234575"
"554","1116","234575"
"555","510","234575"
"556","82","47581"
"557","915","47581"
"558","1046","47581"
"559","279","47581"
"560","919","47581"
"561","943","177290"
"562","222","177290"
"563","490","177290"
"564","287","177290"
"565","639","177290"
"566","826","198063"
"567","839","198063"
"568","177","198063"
"569","898","198063"
"570","651","198063"
"571","301","102740"
"572","820","102740"
"573","191","102740"
"574","647","102740"
"575","486","102740"
"576","749","114206"
"577","507","114206"
"578","450","114206"
"579","962","114206"
"580","236","114206"
"581","900","93970"
"582","75","93970"
"583","490","93970"
"584","822","93970"
"585","625","93970"
"586","28","266454"
"587","1112","266454"
"588","526","266454"
"589","314","266454"
"590","9","266454"
"591","792","264143"
"592","1063","264143"
"593","156","264143"
"594","315","264143"
"595","16","264143"
"596","1012","127922"
"597","1048","127922"
"598","265","127922"
"599","847","127922"
"600","9","127922"
"601","1120","18957"
"602","1125","18957"
"603","858","18957"
"604","254","18957"
"605","104","18957"
"606","590","122419"
"607","556","122419"
"608","1013","122419"
"609","142","122419"
"610","784","122419"
"611","743","141288"
"612","475","141288"
"613","554","141288"
"614","398","141288"
"615","148","141288"
"616","426","236074"
"617","828","236074"
"618","571","236074"
"619","745","236074"
"620","10","236074"
"621","1088","35933"
"622","351","35933"
"623","423","35933"
"624","136","35933"
"625","821","35933"
"626","298","10024"
"627","132","10024"
"628","1076","10024"
"629","493","10024"
"630","869","10024"
"631","142","176792"
"632","352","176792"
"633","456","176792"
"634","600","176792"
"635","847","176792"
"636","1032","198063"
"637","17","198063"
"638","426","198063"
"639","388","198063"
"640","1046","198063"
"641","1141","201469"
"642","1007","201469"
"643","937","201469"
"644","971","201469"
"645","85","201469"
"646","562","28885"
"647","867","28885"
"648","717","28885"
"649","1059","28885"
"650","485","28885"
"651","38","144992"
"652","133","144992"
"653","361","144992"
"654","299","144992"
"655","179","144992"
"656","162","264143"
"657","98","264143"
"658","410","264143"
"659","87","264143"
"660","1114","264143"
"661","320","225692"
"662","244","225692"
"663","69","225692"
"664","57","225692"
"665","1090","225692"
"666","517","154695"
"667","467","154695"
"668","177","154695"
"669","1055","154695"
"670","480","154695"
"671","1067","107744"
"672","969","107744"
"673","597","107744"
"674","874","107744"
"675","173","107744"
"676","440","58465"
"677","481","58465"
"678","690","58465"
"679","952","58465"
"680","489","58465"
"681","833","192668"
"682","746","192668"
"683","643","192668"
"684","236","192668"
"685","109","192668"
"686","1034","35933"
"687","14","35933"
"688","443","35933"
"689","814","35933"
"690","590","35933"
"691","642","243103"
"692","858","243103"
"693","137","243103"
"694","713","243103"
"695","1046","243103"
"696","84","125519"
"697","456","125519"
"698","1026","125519"
"699","600","125519"
"700","609","125519"
"701","745","48057"
"702","437","48057"
"703","504","48057"
"704","1039","48057"
"705","859","48057"
"706","1067","201930"
"707","796","201930"
"708","941","201930"
"709","562","201930"
"710","956","201930"
"711","7","106681"
"712","792","106681"
"713","995","106681"
"714","1021","106681"
"715","414","106681"
"716","1001","165138"
"717","791","165138"
"718","322","165138"
"719","837","165138"
"720","683","165138"
"721","549","239574"
"722","454","239574"
"723","897","239574"
"724","473","239574"
"725","507","239574"
"726","457","212510"
"727","910","212510"
"728","853","212510"
"729","345","212510"
"730","437","212510"
"731","776","10024"
"732","1094","10024"
"733","315","10024"
"734","291","10024"
"735","62","10024"
"736","216","119344"
"737","550","119344"
"738","503","119344"
"739","83","119344"
"740","977","119344"
"741","704","117328"
"742","1100","117328"
"743","462","117328"
"744","384","117328"
"745","423","117328"
"746","676","213707"
"747","628","213707"
"748","1129","213707"
"749","768","213707"
"750","828","213707"
"751","776","237027"
"752","1146","237027"
"753","1061","237027"
"754","830","237027"
"755","438","237027"
"756","1036","76647"
"757","747","76647"
"758","815","76647"
"759","34","76647"
"760","491","76647"
"761","1125","80770"
"762","322","80770"
"763","437","80770"
"764","226","80770"
"765","214","80770"
"766","1130","225302"
"767","356","225302"
"768","567","225302"
"769","788","225302"
"770","148","225302"
"771","396","247904"
"772","65","247904"
"773","1022","247904"
"774","1012","247904"
"775","518","247904"
"776","944","271791"
"777","225","271791"
"778","581","271791"
"779","1060","271791"
"780","930","271791"
"781","857","103576"
"782","812","103576"
"783","534","103576"
"784","190","103576"
"785","1046","103576"
"786","649","267974"
"787","11","267974"
"788","1104","267974"
"789","312","267974"
"790","1064","267974"
"791","576","131084"
"792","708","131084"
"793","587","131084"
"794","800","131084"
"795","17","131084"
"796","268","125456"
"797","863","125456"
"798","968","125456"
"799","489","125456"
"800","303","125456"
"801","440","75463"
"802","600","75463"
"803","1091","75463"
"804","532","75463"
"805","851","75463"
"806","650","8186"
"807","420","8186"
"808","1146","8186"
"809","217","8186"
"810","735","8186"
"811","284","37419"
"812","1058","37419"
"813","98","37419"
"814","873","37419"
"815","483","37419"
"816","1087","101661"
"817","994","101661"
"818","260","101661"
"819","600","101661"
"820","693","101661"
"821","720","262886"
"822","265","262886"
"823","289","262886"
"824","930","262886"
"825","906","262886"
"826","944","269401"
"827","473","269401"
"828","1112","269401"
"829","1027","269401"
"830","352","269401"
"831","1118","226774"
"832","625","226774"
"833","1080","226774"
"834","992","226774"
"835","1140","226774"
"836","440","129870"
"837","724","129870"
"838","232","129870"
"839","721","129870"
"840","972","129870"
"841","218","80948"
"842","198","80948"
"843","179","80948"
"844","15","80948"
"845","529","80948"
"846","845","155986"
"847","722","155986"
"848","828","155986"
"849","379","155986"
"850","663","155986"
"851","198","24436"
"852","1055","24436"
"853","154","24436"
"854","482","24436"
"855","331","24436"
"856","394","102558"
"857","205","102558"
"858","1110","102558"
"859","951","102558"
"860","902","102558"
"861","708","42986"
"862","672","42986"
"863","418","42986"
"864","71","42986"
"865","295","42986"
"866","787","274706"
"867","1071","274706"
"868","817","274706"
"869","954","274706"
"870","3","274706"
"871","487","48057"
"872","859","48057"
"873","578","48057"
"874","907","48057"
"875","782","48057"
"876","44","83763"
"877","465","83763"
"878","607","83763"
"879","674","83763"
"880","695","83763"
"881","351","67997"
"882","963","67997"
"883","1002","67997"
"884","81","67997"
"885","136","67997"
"886","610","186931"
"887","1071","186931"
"888","1060","186931"
"889","1081","186931"
"890","1011","186931"
"891","140","85732"
"892","788","85732"
"893","126","85732"
"894","730","85732"
"895","557","85732"
"896","881","269401"
"897","1113","269401"
"898","856","269401"
"899","29","269401"
"900","672","269401"
"901","783","164384"
"902","306","164384"
"903","1131","164384"
"904","844","164384"
"905","553","164384"
"906","546","99273"
"907","655","99273"
"908","958","99273"
"909","1048","99273"
"910","74","99273"
"911","183","167509"
"912","984","167509"
"913","976","167509"
"914","73","167509"
"915","332","167509"
"916","442","260978"
"917","607","260978"
"918","1143","260978"
"919","917","260978"
"920","278","260978"
"921","351","239687"
"922","898","239687"
"923","581","239687"
"924","819","239687"
"925","865","239687"
"926","248","72563"
"927","213","72563"
"928","593","72563"
"929","914","72563"
"930","334","72563"
"931","23","109857"
"932","52","109857"
"933","784","109857"
"934","280","109857"
"935","1123","109857"
"936","654","175772"
"937","1050","175772"
"938","374","175772"
"939","350","175772"
"940","95","175772"
"941","960","47563"
"942","20","47563"
"943","651","47563"
"944","121","47563"
"945","43","47563"
"946","802","24436"
"947","869","24436"
"948","493","24436"
"949","84","24436"
"950","39","24436"
"951","364","136745"
"952","199","136745"
"953","49","136745"
"954","469","136745"
"955","839","136745"
"956","339","80770"
"957","857","80770"
"958","767","80770"
"959","1045","80770"
"960","165","80770"
"961","978","188311"
"962","52","188311"
"963","751","188311"
"964","70","188311"
"965","988","188311"
"966","572","82804"
"967","79","82804"
"968","667","82804"
"969","671","82804"
"970","328","82804"
"971","542","227842"
"972","460","227842"
"973","656","227842"
"974","33","227842"
"975","472","227842"
"976","851","275860"
"977","615","275860"
"978","592","275860"
"979","1019","275860"
"980","606","275860"
"981","1028","2473"
"982","971","2473"
"983","1133","2473"
"984","351","2473"
"985","109","2473"
"986","999","185411"
"987","232","185411"
"988","501","185411"
"989","286","185411"
"990","810","185411"
"991","888","191704"
"992","907","191704"
"993","915","191704"
"994","1051","191704"
"995","327","191704"
"996","72","278230"
"997","531","278230"
"998","692","278230"
"999","92","278230"
"1000","886","278230"
"1001","851","147640"
"1002","806","147640"
"1003","207","147640"
"1004","419","147640"
"1005","742","147640"
"1006","128","42986"
"1007","355","42986"
"1008","757","42986"
"1009","441","42986"
"1010","907","42986"
"1011","690","49922"
"1012","452","49922"
"1013","462","49922"
"1014","570","49922"
"1015","620","49922"
"1016","697","97014"
"1017","810","97014"
"1018","510","97014"
"1019","337","97014"
"1020","1000","97014"
"1021","74","69387"
"1022","317","69387"
"1023","334","69387"
"1024","293","69387"
"1025","1102","69387"
"1026","295","58465"
"1027","169","58465"
"1028","451","58465"
"1029","156","58465"
"1030","1086","58465"
"1031","781","183279"
"1032","779","183279"
"1033","137","183279"
"1034","748","183279"
"1035","284","183279"
"1036","687","139627"
"1037","851","139627"
"1038","645","139627"
"1039","92","139627"
"1040","781","139627"
"1041","118","28457"
"1042","1092","28457"
"1043","606","28457"
"1044","375","28457"
"1045","901","28457"
"1046","749","148843"
"1047","637","148843"
"1048","535","148843"
"1049","567","148843"
"1050","300","148843"
"1051","491","278230"
"1052","61","278230"
"1053","573","278230"
"1054","504","278230"
"1055","179","278230"
"1056","560","162885"
"1057","853","162885"
"1058","935","162885"
"1059","64","162885"
"1060","585","162885"
"1061","998","185411"
"1062","685","185411"
"1063","724","185411"
"1064","111","185411"
"1065","149","185411"
"1066","333","102740"
"1067","489","102740"
"1068","432","102740"
"1069","747","102740"
"1070","829","102740"
"1071","971","126849"
"1072","19","126849"
"1073","893","126849"
"1074","551","126849"
"1075","559","126849"
"1076","174","269401"
"1077","307","269401"
"1078","1054","269401"
"1079","677","269401"
"1080","368","269401"
"1081","230","250652"
"1082","490","250652"
"1083","253","250652"
"1084","708","250652"
"1085","569","250652"
"1086","784","122981"
"1087","18","122981"
"1088","760","122981"
"1089","465","122981"
"1090","117","122981"
"1091","259","106439"
"1092","457","106439"
"1093","780","106439"
"1094","1044","106439"
"1095","371","106439"
"1096","547","269401"
"1097","551","269401"
"1098","20","269401"
"1099","429","269401"
"1100","563","269401"
"1101","91","227611"
"1102","1087","227611"
"1103","572","227611"
"1104","929","227611"
"1105","927","227611"
"1106","947","109546"
"1107","360","109546"
"1108","507","109546"
"1109","496","109546"
"1110","59","109546"
"1111","320","227707"
"1112","226","227707"
"1113","9","227707"
"1114","1007","227707"
"1115","250","227707"
"1116","393","5714"
"1117","971","5714"
"1118","1093","5714"
"1119","1120","5714"
"1120","1014","5714"
"1121","936","27691"
"1122","692","27691"
"1123","543","27691"
"1124","756","27691"
"1125","268","27691"
"1126","425","96564"
"1127","987","96564"
"1128","1034","96564"
"1129","1147","96564"
"1130","967","96564"
"1131","284","95846"
"1132","353","95846"
"1133","837","95846"
"1134","644","95846"
"1135","310","95846"
"1136","1101","74200"
"1137","684","74200"
"1138","787","74200"
"1139","1122","74200"
"1140","964","74200"
"1141","217","213884"
"1142","47","213884"
"1143","11","213884"
"1144","497","213884"
"1145","630","213884"
"1146","135","45685"
"1147","215","45685"
"1148","900","45685"
"1149","309","45685"
"1150","81","45685"
"1151","605","155288"
"1152","649","155288"
"1153","1013","155288"
"1154","135","155288"
"1155","880","155288"
"1156","801","236242"
"1157","233","236242"
"1158","935","236242"
"1159","140","236242"
"1160","873","236242"
"1161","790","153262"
"1162","155","153262"
"1163","1064","153262"
"1164","528","153262"
"1165","72","153262"
"1166","982","74903"
"1167","138","74903"
"1168","405","74903"
"1169","560","74903"
"1170","457","74903"
"1171","614","24436"
"1172","720","24436"
"1173","1031","24436"
"1174","866","24436"
"1175","937","24436"
"1176","498","40638"
"1177","841","40638"
"1178","1020","40638"
"1179","219","40638"
"1180","1053","40638"
"1181","126","178178"
"1182","825","178178"
"1183","184","178178"
"1184","696","178178"
"1185","589","178178"
"1186","885","8506"
"1187","804","8506"
"1188","864","8506"
"1189","1054","8506"
"1190","998","8506"
"1191","248","176792"
"1192","675","176792"
"1193","201","176792"
"1194","313","176792"
"1195","846","176792"
"1196","800","115492"
"1197","632","115492"
"1198","371","115492"
"1199","515","115492"
"1200","51","115492"
"1201","472","211496"
"1202","344","211496"
"1203","1101","211496"
"1204","803","211496"
"1205","1047","211496"
"1206","264","236257"
"1207","739","236257"
"1208","1065","236257"
"1209","968","236257"
"1210","386","236257"
"1211","95","57216"
"1212","1056","57216"
"1213","711","57216"
"1214","952","57216"
"1215","891","57216"
"1216","109","196989"
"1217","616","196989"
"1218","323","196989"
"1219","581","196989"
"1220","304","196989"
"1221","878","136083"
"1222","172","136083"
"1223","861","136083"
"1224","29","136083"
"1225","786","136083"
"1226","435","67909"
"1227","581","67909"
"1228","327","67909"
"1229","361","67909"
"1230","638","67909"
"1231","882","153262"
"1232","223","153262"
"1233","556","153262"
"1234","1049","153262"
"1235","117","153262"
"1236","629","147640"
"1237","1097","147640"
"1238","284","147640"
"1239","856","147640"
"1240","437","147640"
"1241","291","120621"
"1242","309","120621"
"1243","37","120621"
"1244","584","120621"
"1245","313","120621"
"1246","315","192308"
"1247","264","192308"
"1248","123","192308"
"1249","168","192308"
"1250","537","192308"
"1251","841","84887"
"1252","313","84887"
"1253","1121","84887"
"1254","223","84887"
"1255","174","84887"
"1256","508","140630"
"1257","427","140630"
"1258","411","140630"
"1259","892","140630"
"1260","115","140630"
"1261","629","74200"
"1262","124","74200"
"1263","247","74200"
"1264","940","74200"
"1265","555","74200"
"1266","930","120621"
"1267","97","120621"
"1268","832","120621"
"1269","212","120621"
"1270","172","120621"
"1271","703","225302"
"1272","147","225302"
"1273","894","225302"
"1274","358","225302"
"1275","687","225302"
"1276","927","26248"
"1277","412","26248"
"1278","1147","26248"
"1279","542","26248"
"1280","1142","26248"
"1281","872","219959"
"1282","1084","219959"
"1283","328","219959"
"1284","694","219959"
"1285","48","219959"
"1286","1022","113758"
"1287","155","113758"
"1288","420","113758"
"1289","958","113758"
"1290","119","113758"
"1291","240","200601"
"1292","477","200601"
"1293","1043","200601"
"1294","569","200601"
"1295","407","200601"
"1296","993","22679"
"1297","218","22679"
"1298","467","22679"
"1299","139","22679"
"1300","614","22679"
"1301","405","180294"
"1302","1046","180294"
"1303","957","180294"
"1304","654","180294"
"1305","128","180294"
"1306","133","147812"
"1307","501","147812"
"1308","585","147812"
"1309","483","147812"
"1310","521","147812"
"1311","829","44626"
"1312","139","44626"
"1313","157","44626"
"1314","615","44626"
"1315","27","44626"
"1316","677","216451"
"1317","478","216451"
"1318","696","216451"
"1319","227","216451"
"1320","336","216451"
"1321","212","100168"
"1322","1003","100168"
"1323","1143","100168"
"1324","477","100168"
"1325","1071","100168"
"1326","630","109845"
"1327","301","109845"
"1328","90","109845"
"1329","376","109845"
"1330","420","109845"
"1331","118","81722"
"1332","771","81722"
"1333","571","81722"
"1334","280","81722"
"1335","1128","81722"
"1336","382","8613"
"1337","222","8613"
"1338","707","8613"
"1339","617","8613"
"1340","63","8613"
"1341","315","134885"
"1342","803","134885"
"1343","518","134885"
"1344","1080","134885"
"1345","213","134885"
"1346","120","261897"
"1347","20","261897"
"1348","948","261897"
"1349","13","261897"
"1350","601","261897"
"1351","571","97014"
"1352","504","97014"
"1353","551","97014"
"1354","275","97014"
"1355","1105","97014"
"1356","26","204377"
"1357","731","204377"
"1358","702","204377"
"1359","818","204377"
"1360","107","204377"
"1361","1115","165138"
"1362","525","165138"
"1363","1149","165138"
"1364","52","165138"
"1365","480","165138"
"1366","1119","125761"
"1367","991","125761"
"1368","61","125761"
"1369","941","125761"
"1370","379","125761"
"1371","238","275860"
"1372","578","275860"
"1373","747","275860"
"1374","939","275860"
"1375","905","275860"
"1376","723","42000"
"1377","871","42000"
"1378","290","42000"
"1379","398","42000"
"1380","1067","42000"
"1381","666","76696"
"1382","962","76696"
"1383","849","76696"
"1384","547","76696"
"1385","686","76696"
"1386","254","79196"
"1387","21","79196"
"1388","1092","79196"
"1389","371","79196"
"1390","267","79196"
"1391","132","28439"
"1392","700","28439"
"1393","759","28439"
"1394","749","28439"
"1395","627","28439"
"1396","1000","147849"
"1397","498","147849"
"1398","524","147849"
"1399","500","147849"
"1400","118","147849"
"1401","59","193285"
"1402","157","193285"
"1403","60","193285"
"1404","278","193285"
"1405","452","193285"
"1406","700","82678"
"1407","63","82678"
"1408","818","82678"
"1409","22","82678"
"1410","326","82678"
"1411","14","253448"
"1412","709","253448"
"1413","1123","253448"
"1414","632","253448"
"1415","1100","253448"
"1416","185","248563"
"1417","353","248563"
"1418","234","248563"
"1419","1094","248563"
"1420","645","248563"
"1421","247","883"
"1422","250","883"
"1423","1021","883"
"1424","762","883"
"1425","1087","883"
"1426","4","131084"
"1427","843","131084"
"1428","107","131084"
"1429","830","131084"
"1430","54","131084"
"1431","898","2494"
"1432","1122","2494"
"1433","413","2494"
"1434","518","2494"
"1435","450","2494"
"1436","65","83032"
"1437","480","83032"
"1438","948","83032"
"1439","76","83032"
"1440","1035","83032"
"1441","401","67323"
"1442","158","67323"
"1443","1049","67323"
"1444","911","67323"
"1445","1145","67323"
"1446","174","22679"
"1447","747","22679"
"1448","1068","22679"
"1449","937","22679"
"1450","483","22679"
"1451","738","77338"
"1452","936","77338"
"1453","279","77338"
"1454","820","77338"
"1455","62","77338"
"1456","33","134874"
"1457","324","134874"
"1458","960","134874"
"1459","339","134874"
"1460","526","134874"
"1461","1121","67909"
"1462","92","67909"
"1463","289","67909"
"1464","880","67909"
"1465","517","67909"
"1466","462","47007"
"1467","520","47007"
"1468","1092","47007"
"1469","944","47007"
"1470","418","47007"
"1471","992","144940"
"1472","217","144940"
"1473","1057","144940"
"1474","430","144940"
"1475","590","144940"
"1476","577","215199"
"1477","693","215199"
"1478","231","215199"
"1479","1114","215199"
"1480","433","215199"
"1481","1106","193812"
"1482","890","193812"
"1483","449","193812"
"1484","483","193812"
"1485","687","193812"
"1486","879","247904"
"1487","1081","247904"
"1488","737","247904"
"1489","495","247904"
"1490","902","247904"
"1491","676","8186"
"1492","91","8186"
"1493","798","8186"
"1494","206","8186"
"1495","713","8186"
"1496","316","192668"
"1497","928","192668"
"1498","824","192668"
"1499","992","192668"
"1500","259","192668"
"1501","1059","20868"
"1502","125","20868"
"1503","248","20868"
"1504","782","20868"
"1505","136","20868"
"1506","702","22914"
"1507","179","22914"
"1508","759","22914"
"1509","169","22914"
"1510","363","22914"
"1511","1106","805"
"1512","494","805"
"1513","1044","805"
"1514","54","805"
"1515","581","805"
"1516","170","68561"
"1517","544","68561"
"1518","845","68561"
"1519","626","68561"
"1520","837","68561"
"1521","902","44224"
"1522","794","44224"
"1523","454","44224"
"1524","569","44224"
"1525","221","44224"
"1526","637","128920"
"1527","115","128920"
"1528","855","128920"
"1529","465","128920"
"1530","861","128920"
"1531","602","44585"
"1532","54","44585"
"1533","550","44585"
"1534","489","44585"
"1535","708","44585"
"1536","897","257821"
"1537","168","257821"
"1538","691","257821"
"1539","955","257821"
"1540","548","257821"
"1541","841","262203"
"1542","356","262203"
"1543","657","262203"
"1544","1149","262203"
"1545","486","262203"
"1546","284","87466"
"1547","184","87466"
"1548","928","87466"
"1549","951","87466"
"1550","1023","87466"
"1551","485","27535"
"1552","935","27535"
"1553","1054","27535"
"1554","845","27535"
"1555","902","27535"
"1556","812","8613"
"1557","982","8613"
"1558","261","8613"
"1559","746","8613"
"1560","603","8613"
"1561","904","200827"
"1562","225","200827"
"1563","927","200827"
"1564","536","200827"
"1565","517","200827"
"1566","1016","125290"
"1567","583","125290"
"1568","324","125290"
"1569","972","125290"
"1570","1146","125290"
"1571","161","219592"
"1572","944","219592"
"1573","1045","219592"
"1574","438","219592"
"1575","1149","219592"
"1576","96","91542"
"1577","925","91542"
"1578","463","91542"
"1579","298","91542"
"1580","771","91542"
"1581","49","154569"
"1582","159","154569"
"1583","231","154569"
"1584","626","154569"
"1585","787","154569"
"1586","497","44626"
"1587","305","44626"
"1588","868","44626"
"1589","501","44626"
"1590","131","44626"
"1591","71","102558"
"1592","192","102558"
"1593","74","102558"
"1594","449","102558"
"1595","919","102558"
"1596","869","96517"
"1597","242","96517"
"1598","1061","96517"
"1599","985","96517"
"1600","804","96517"
"1601","626","117139"
"1602","1121","117139"
"1603","488","117139"
"1604","883","117139"
"1605","58","117139"
"1606","818","158342"
"1607","1014","158342"
"1608","111","158342"
"1609","12","158342"
"1610","361","158342"
"1611","488","158643"
"1612","643","158643"
"1613","539","158643"
"1614","490","158643"
"1615","834","158643"
"1616","701","86702"
"1617","478","86702"
"1618","148","86702"
"1619","559","86702"
"1620","1031","86702"
"1621","541","27691"
"1622","952","27691"
"1623","849","27691"
"1624","307","27691"
"1625","122","27691"
"1626","727","109546"
"1627","905","109546"
"1628","771","109546"
"1629","418","109546"
"1630","869","109546"
"1631","1066","114078"
"1632","1111","114078"
"1633","158","114078"
"1634","91","114078"
"1635","911","114078"
"1636","674","221229"
"1637","161","221229"
"1638","803","221229"
"1639","551","221229"
"1640","1035","221229"
"1641","464","144992"
"1642","918","144992"
"1643","45","144992"
"1644","631","144992"
"1645","175","144992"
"1646","974","164384"
"1647","893","164384"
"1648","543","164384"
"1649","661","164384"
"1650","873","164384"
"1651","859","138145"
"1652","404","138145"
"1653","429","138145"
"1654","797","138145"
"1655","212","138145"
"1656","247","27691"
"1657","170","27691"
"1658","250","27691"
"1659","434","27691"
"1660","1067","27691"
"1661","147","168243"
"1662","830","168243"
"1663","316","168243"
"1664","974","168243"
"1665","457","168243"
"1666","504","81844"
"1667","471","81844"
"1668","875","81844"
"1669","274","81844"
"1670","514","81844"
"1671","564","117789"
"1672","1129","117789"
"1673","396","117789"
"1674","293","117789"
"1675","462","117789"
"1676","770","175772"
"1677","56","175772"
"1678","786","175772"
"1679","671","175772"
"1680","464","175772"
"1681","856","24035"
"1682","931","24035"
"1683","970","24035"
"1684","611","24035"
"1685","1016","24035"
"1686","18","188867"
"1687","794","188867"
"1688","316","188867"
"1689","426","188867"
"1690","366","188867"
"1691","25","42986"
"1692","995","42986"
"1693","735","42986"
"1694","879","42986"
"1695","404","42986"
"1696","778","66975"
"1697","1132","66975"
"1698","340","66975"
"1699","885","66975"
"1700","572","66975"
"1701","862","215977"
"1702","426","215977"
"1703","696","215977"
"1704","421","215977"
"1705","1127","215977"
"1706","502","81974"
"1707","339","81974"
"1708","837","81974"
"1709","974","81974"
"1710","945","81974"
"1711","611","98517"
"1712","1087","98517"
"1713","982","98517"
"1714","282","98517"
"1715","486","98517"
"1716","289","81844"
"1717","140","81844"
"1718","531","81844"
"1719","66","81844"
"1720","993","81844"
"1721","935","122417"
"1722","94","122417"
"1723","530","122417"
"1724","219","122417"
"1725","30","122417"
"1726","4","258851"
"1727","333","258851"
"1728","28","258851"
"1729","999","258851"
"1730","525","258851"
"1731","101","114206"
"1732","169","114206"
"1733","518","114206"
"1734","165","114206"
"1735","701","114206"
"1736","984","240022"
"1737","853","240022"
"1738","409","240022"
"1739","194","240022"
"1740","520","240022"
"1741","215","58901"
"1742","190","58901"
"1743","281","58901"
"1744","782","58901"
"1745","92","58901"
"1746","571","151269"
"1747","1144","151269"
"1748","112","151269"
"1749","252","151269"
"1750","453","151269"
"1751","1081","28885"
"1752","431","28885"
"1753","330","28885"
"1754","566","28885"
"1755","1139","28885"
"1756","574","94316"
"1757","406","94316"
"1758","139","94316"
"1759","234","94316"
"1760","806","94316"
"1761","254","80770"
"1762","951","80770"
"1763","428","80770"
"1764","757","80770"
"1765","941","80770"
"1766","124","211231"
"1767","976","211231"
"1768","612","211231"
"1769","681","211231"
"1770","477","211231"
"1771","1051","165138"
"1772","487","165138"
"1773","439","165138"
"1774","572","165138"
"1775","1096","165138"
"1776","212","152842"
"1777","300","152842"
"1778","60","152842"
"1779","1035","152842"
"1780","163","152842"
"1781","992","129353"
"1782","144","129353"
"1783","166","129353"
"1784","795","129353"
"1785","167","129353"
"1786","1100","246533"
"1787","506","246533"
"1788","288","246533"
"1789","880","246533"
"1790","759","246533"
"1791","220","113863"
"1792","1023","113863"
"1793","713","113863"
"1794","475","113863"
"1795","111","113863"
"1796","1001","153167"
"1797","398","153167"
"1798","1144","153167"
"1799","870","153167"
"1800","734","153167"
"1801","43","255890"
"1802","382","255890"
"1803","1151","255890"
"1804","140","255890"
"1805","315","255890"
"1806","213","44626"
"1807","5","44626"
"1808","205","44626"
"1809","1124","44626"
"1810","66","44626"
"1811","538","91542"
"1812","286","91542"
"1813","706","91542"
"1814","859","91542"
"1815","307","91542"
"1816","746","191704"
"1817","163","191704"
"1818","403","191704"
"1819","100","191704"
"1820","75","191704"
"1821","586","84873"
"1822","754","84873"
"1823","704","84873"
"1824","498","84873"
"1825","1054","84873"
"1826","438","233539"
"1827","1092","233539"
"1828","38","233539"
"1829","371","233539"
"1830","38","233539"
"1831","121","198063"
"1832","982","198063"
"1833","765","198063"
"1834","823","198063"
"1835","972","198063"
"1836","691","81722"
"1837","396","81722"
"1838","1139","81722"
"1839","747","81722"
"1840","737","81722"
"1841","645","74722"
"1842","649","74722"
"1843","98","74722"
"1844","359","74722"
"1845","838","74722"
"1846","263","158342"
"1847","934","158342"
"1848","862","158342"
"1849","801","158342"
"1850","810","158342"
"1851","22","167202"
"1852","1029","167202"
"1853","58","167202"
"1854","20","167202"
"1855","35","167202"
"1856","389","140462"
"1857","256","140462"
"1858","23","140462"
"1859","1137","140462"
"1860","549","140462"
"1861","523","136745"
"1862","12","136745"
"1863","371","136745"
"1864","351","136745"
"1865","697","136745"
"1866","371","162885"
"1867","15","162885"
"1868","50","162885"
"1869","213","162885"
"1870","61","162885"
"1871","130","33030"
"1872","340","33030"
"1873","244","33030"
"1874","1005","33030"
"1875","901","33030"
"1876","711","115758"
"1877","689","115758"
"1878","1033","115758"
"1879","939","115758"
"1880","546","115758"
"1881","90","217294"
"1882","226","217294"
"1883","199","217294"
"1884","695","217294"
"1885","946","217294"
"1886","1074","193812"
"1887","166","193812"
"1888","743","193812"
"1889","938","193812"
"1890","483","193812"
"1891","380","264143"
"1892","760","264143"
"1893","618","264143"
"1894","68","264143"
"1895","781","264143"
"1896","987","44585"
"1897","1047","44585"
"1898","314","44585"
"1899","627","44585"
"1900","867","44585"
"1901","1073","204377"
"1902","912","204377"
"1903","650","204377"
"1904","1150","204377"
"1905","1054","204377"
"1906","807","102331"
"1907","1101","102331"
"1908","857","102331"
"1909","415","102331"
"1910","1035","102331"
"1911","152","12999"
"1912","683","12999"
"1913","130","12999"
"1914","492","12999"
"1915","269","12999"
"1916","699","144103"
"1917","391","144103"
"1918","345","144103"
"1919","200","144103"
"1920","653","144103"
"1921","385","211496"
"1922","406","211496"
"1923","240","211496"
"1924","868","211496"
"1925","135","211496"
"1926","904","117534"
"1927","367","117534"
"1928","1103","117534"
"1929","763","117534"
"1930","83","117534"
"1931","896","87466"
"1932","146","87466"
"1933","723","87466"
"1934","273","87466"
"1935","399","87466"
"1936","829","245251"
"1937","597","245251"
"1938","159","245251"
"1939","1107","245251"
"1940","831","245251"
"1941","1003","276384"
"1942","960","276384"
"1943","470","276384"
"1944","244","276384"
"1945","815","276384"
"1946","299","106681"
"1947","869","106681"
"1948","536","106681"
"1949","988","106681"
"1950","801","106681"
"1951","834","199675"
"1952","366","199675"
"1953","1132","199675"
"1954","1133","199675"
"1955","816","199675"
"1956","197","125761"
"1957","531","125761"
"1958","169","125761"
"1959","945","125761"
"1960","1027","125761"
"1961","991","26248"
"1962","746","26248"
"1963","646","26248"
"1964","207","26248"
"1965","602","26248"
"1966","468","83763"
"1967","937","83763"
"1968","50","83763"
"1969","1135","83763"
"1970","985","83763"
"1971","1066","107744"
"1972","337","107744"
"1973","1136","107744"
"1974","984","107744"
"1975","48","107744"
"1976","1089","189186"
"1977","804","189186"
"1978","289","189186"
"1979","824","189186"
"1980","327","189186"
"1981","578","266454"
"1982","204","266454"
"1983","680","266454"
"1984","1001","266454"
"1985","940","266454"
"1986","196","200752"
"1987","33","200752"
"1988","1120","200752"
"1989","1057","200752"
"1990","33","200752"
"1991","905","211496"
"1992","890","211496"
"1993","761","211496"
"1994","1018","211496"
"1995","675","211496"
"1996","825","227707"
"1997","831","227707"
"1998","671","227707"
"1999","1095","227707"
"2000","804","227707"
"2001","667","147812"
"2002","510","147812"
"2003","741","147812"
"2004","975","147812"
"2005","585","147812"
"2006","581","119344"
"2007","653","119344"
"2008","683","119344"
"2009","530","119344"
"2010","1137","119344"
"2011","602","117328"
"2012","655","117328"
"2013","25","117328"
"2014","502","117328"
"2015","119","117328"
"2016","125","29669"
"2017","69","29669"
"2018","258","29669"
"2019","588","29669"
"2020","1071","29669"
"2021","35","25513"
"2022","321","25513"
"2023","399","25513"
"2024","656","25513"
"2025","160","25513"
"2026","925","256848"
"2027","516","256848"
"2028","789","256848"
"2029","962","256848"
"2030","977","256848"
"2031","30","125290"
"2032","472","125290"
"2033","339","125290"
"2034","640","125290"
"2035","565","125290"
"2036","883","28439"
"2037","438","28439"
"2038","1066","28439"
"2039","286","28439"
"2040","855","28439"
"2041","490","90270"
"2042","933","90270"
"2043","1013","90270"
"2044","355","90270"
"2045","1042","90270"
"2046","922","206569"
"2047","138","206569"
"2048","228","206569"
"2049","146","206569"
"2050","895","206569"
"2051","56","74729"
"2052","170","74729"
"2053","855","74729"
"2054","41","74729"
"2055","1038","74729"
"2056","347","150280"
"2057","348","150280"
"2058","849","150280"
"2059","111","150280"
"2060","265","150280"
"2061","1094","200719"
"2062","364","200719"
"2063","480","200719"
"2064","633","200719"
"2065","702","200719"
"2066","418","67323"
"2067","337","67323"
"2068","555","67323"
"2069","1139","67323"
"2070","164","67323"
"2071","135","140687"
"2072","865","140687"
"2073","293","140687"
"2074","1145","140687"
"2075","1131","140687"
"2076","941","219959"
"2077","744","219959"
"2078","682","219959"
"2079","928","219959"
"2080","676","219959"
"2081","985","236074"
"2082","616","236074"
"2083","837","236074"
"2084","830","236074"
"2085","642","236074"
"2086","533","49922"
"2087","42","49922"
"2088","284","49922"
"2089","492","49922"
"2090","784","49922"
"2091","248","181699"
"2092","647","181699"
"2093","235","181699"
"2094","187","181699"
"2095","183","181699"
"2096","1090","153262"
"2097","725","153262"
"2098","446","153262"
"2099","72","153262"
"2100","408","153262"
"2101","882","68046"
"2102","770","68046"
"2103","830","68046"
"2104","719","68046"
"2105","1093","68046"
"2106","545","95846"
"2107","742","95846"
"2108","291","95846"
"2109","1027","95846"
"2110","353","95846"
"2111","53","74722"
"2112","514","74722"
"2113","671","74722"
"2114","286","74722"
"2115","36","74722"
"2116","34","177892"
"2117","990","177892"
"2118","48","177892"
"2119","1026","177892"
"2120","262","177892"
"2121","694","914"
"2122","757","914"
"2123","66","914"
"2124","532","914"
"2125","200","914"
"2126","211","129870"
"2127","858","129870"
"2128","14","129870"
"2129","891","129870"
"2130","847","129870"
"2131","926","266910"
"2132","946","266910"
"2133","387","266910"
"2134","577","266910"
"2135","807","266910"
"2136","271","162667"
"2137","926","162667"
"2138","747","162667"
"2139","83","162667"
"2140","176","162667"
"2141","416","247904"
"2142","5","247904"
"2143","243","247904"
"2144","260","247904"
"2145","791","247904"
"2146","354","2596"
"2147","1078","2596"
"2148","89","2596"
"2149","835","2596"
"2150","1110","2596"
"2151","986","177892"
"2152","437","177892"
"2153","902","177892"
"2154","573","177892"
"2155","758","177892"
"2156","966","174508"
"2157","879","174508"
"2158","991","174508"
"2159","814","174508"
"2160","721","174508"
"2161","546","113863"
"2162","1151","113863"
"2163","811","113863"
"2164","757","113863"
"2165","917","113863"
"2166","660","255642"
"2167","720","255642"
"2168","1040","255642"
"2169","690","255642"
"2170","72","255642"
"2171","861","5481"
"2172","795","5481"
"2173","956","5481"
"2174","558","5481"
"2175","45","5481"
"2176","586","141285"
"2177","441","141285"
"2178","327","141285"
"2179","711","141285"
"2180","896","141285"
"2181","1048","147758"
"2182","72","147758"
"2183","507","147758"
"2184","439","147758"
"2185","668","147758"
"2186","459","191704"
"2187","937","191704"
"2188","331","191704"
"2189","324","191704"
"2190","791","191704"
"2191","1126","10110"
"2192","453","10110"
"2193","319","10110"
"2194","759","10110"
"2195","192","10110"
"2196","824","141288"
"2197","663","141288"
"2198","708","141288"
"2199","364","141288"
"2200","1097","141288"
"2201","735","125456"
"2202","47","125456"
"2203","687","125456"
"2204","771","125456"
"2205","157","125456"
"2206","53","20496"
"2207","351","20496"
"2208","735","20496"
"2209","394","20496"
"2210","936","20496"
"2211","909","187829"
"2212","682","187829"
"2213","942","187829"
"2214","374","187829"
"2215","404","187829"
"2216","300","20496"
"2217","643","20496"
"2218","98","20496"
"2219","114","20496"
"2220","561","20496"
"2221","529","147640"
"2222","498","147640"
"2223","983","147640"
"2224","410","147640"
"2225","770","147640"
"2226","864","115251"
"2227","282","115251"
"2228","910","115251"
"2229","615","115251"
"2230","719","115251"
"2231","514","158342"
"2232","790","158342"
"2233","998","158342"
"2234","40","158342"
"2235","923","158342"
"2236","447","56394"
"2237","813","56394"
"2238","89","56394"
"2239","274","56394"
"2240","1015","56394"
"2241","493","276384"
"2242","1042","276384"
"2243","456","276384"
"2244","563","276384"
"2245","344","276384"
"2246","695","173216"
"2247","712","173216"
"2248","266","173216"
"2249","307","173216"
"2250","777","173216"
"2251","99","66980"
"2252","799","66980"
"2253","1076","66980"
"2254","82","66980"
"2255","1085","66980"
"2256","317","77338"
"2257","898","77338"
"2258","793","77338"
"2259","764","77338"
"2260","619","77338"
"2261","573","258292"
"2262","114","258292"
"2263","254","258292"
"2264","242","258292"
"2265","926","258292"
"2266","747","20496"
"2267","318","20496"
"2268","620","20496"
"2269","720","20496"
"2270","193","20496"
"2271","737","115758"
"2272","407","115758"
"2273","342","115758"
"2274","671","115758"
"2275","12","115758"
"2276","31","253448"
"2277","481","253448"
"2278","1150","253448"
"2279","805","253448"
"2280","1074","253448"
"2281","5","164384"
"2282","1147","164384"
"2283","228","164384"
"2284","635","164384"
"2285","59","164384"
"2286","90","264143"
"2287","96","264143"
"2288","1130","264143"
"2289","659","264143"
"2290","48","264143"
"2291","117","168345"
"2292","945","168345"
"2293","754","168345"
"2294","257","168345"
"2295","197","168345"
"2296","253","10024"
"2297","363","10024"
"2298","222","10024"
"2299","118","10024"
"2300","405","10024"
"2301","586","97014"
"2302","376","97014"
"2303","275","97014"
"2304","149","97014"
"2305","339","97014"
"2306","1090","227842"
"2307","636","227842"
"2308","41","227842"
"2309","278","227842"
"2310","406","227842"
"2311","847","80770"
"2312","976","80770"
"2313","785","80770"
"2314","279","80770"
"2315","601","80770"
"2316","275","127330"
"2317","786","127330"
"2318","784","127330"
"2319","1051","127330"
"2320","200","127330"
"2321","36","199675"
"2322","110","199675"
"2323","590","199675"
"2324","1022","199675"
"2325","914","199675"
"2326","121","125290"
"2327","1075","125290"
"2328","403","125290"
"2329","894","125290"
"2330","1119","125290"
"2331","387","108274"
"2332","757","108274"
"2333","1009","108274"
"2334","789","108274"
"2335","1092","108274"
"2336","121","2494"
"2337","625","2494"
"2338","482","2494"
"2339","120","2494"
"2340","141","2494"
"2341","88","43819"
"2342","388","43819"
"2343","594","43819"
"2344","509","43819"
"2345","493","43819"
"2346","871","160233"
"2347","518","160233"
"2348","891","160233"
"2349","625","160233"
"2350","788","160233"
"2351","422","248819"
"2352","718","248819"
"2353","837","248819"
"2354","731","248819"
"2355","737","248819"
"2356","641","102740"
"2357","1049","102740"
"2358","1117","102740"
"2359","916","102740"
"2360","352","102740"
"2361","49","155986"
"2362","1019","155986"
"2363","560","155986"
"2364","382","155986"
"2365","1086","155986"
"2366","129","227842"
"2367","333","227842"
"2368","170","227842"
"2369","493","227842"
"2370","738","227842"
"2371","749","99766"
"2372","686","99766"
"2373","822","99766"
"2374","385","99766"
"2375","712","99766"
"2376","903","66980"
"2377","361","66980"
"2378","50","66980"
"2379","747","66980"
"2380","962","66980"
"2381","158","103970"
"2382","360","103970"
"2383","473","103970"
"2384","1009","103970"
"2385","796","103970"
"2386","738","156102"
"2387","922","156102"
"2388","182","156102"
"2389","215","156102"
"2390","497","156102"
"2391","593","203647"
"2392","477","203647"
"2393","26","203647"
"2394","1131","203647"
"2395","1034","203647"
"2396","506","198063"
"2397","612","198063"
"2398","725","198063"
"2399","736","198063"
"2400","51","198063"
"2401","39","43819"
"2402","48","43819"
"2403","466","43819"
"2404","994","43819"
"2405","142","43819"
"2406","551","233539"
"2407","7","233539"
"2408","794","233539"
"2409","579","233539"
"2410","768","233539"
"2411","621","125519"
"2412","508","125519"
"2413","1032","125519"
"2414","186","125519"
"2415","198","125519"
"2416","121","40562"
"2417","79","40562"
"2418","321","40562"
"2419","294","40562"
"2420","742","40562"
"2421","350","54975"
"2422","812","54975"
"2423","1117","54975"
"2424","1150","54975"
"2425","938","54975"
"2426","1009","243803"
"2427","26","243803"
"2428","97","243803"
"2429","602","243803"
"2430","1102","243803"
"2431","148","190144"
"2432","696","190144"
"2433","1013","190144"
"2434","182","190144"
"2435","434","190144"
"2436","467","222212"
"2437","593","222212"
"2438","86","222212"
"2439","92","222212"
"2440","816","222212"
"2441","431","192099"
"2442","1074","192099"
"2443","331","192099"
"2444","429","192099"
"2445","287","192099"
"2446","76","72563"
"2447","804","72563"
"2448","172","72563"
"2449","459","72563"
"2450","385","72563"
"2451","674","265399"
"2452","455","265399"
"2453","1059","265399"
"2454","520","265399"
"2455","294","265399"
"2456","547","270892"
"2457","804","270892"
"2458","455","270892"
"2459","375","270892"
"2460","805","270892"
"2461","389","248563"
"2462","884","248563"
"2463","173","248563"
"2464","581","248563"
"2465","974","248563"
"2466","253","257416"
"2467","934","257416"
"2468","841","257416"
"2469","119","257416"
"2470","736","257416"
"2471","501","91542"
"2472","266","91542"
"2473","354","91542"
"2474","782","91542"
"2475","730","91542"
"2476","360","172113"
"2477","767","172113"
"2478","967","172113"
"2479","1018","172113"
"2480","477","172113"
"2481","721","245251"
"2482","448","245251"
"2483","50","245251"
"2484","196","245251"
"2485","53","245251"
"2486","242","135758"
"2487","901","135758"
"2488","734","135758"
"2489","723","135758"
"2490","497","135758"
"2491","555","48081"
"2492","482","48081"
"2493","1104","48081"
"2494","15","48081"
"2495","913","48081"
"2496","1054","228781"
"2497","278","228781"
"2498","808","228781"
"2499","666","228781"
"2500","816","228781"
"2501","908","243803"
"2502","848","243803"
"2503","560","243803"
"2504","731","243803"
"2505","957","243803"
"2506","416","220976"
"2507","1151","220976"
"2508","180","220976"
"2509","1031","220976"
"2510","9","220976"
"2511","115","47563"
"2512","855","47563"
"2513","239","47563"
"2514","162","47563"
"2515","806","47563"
"2516","898","117328"
"2517","387","117328"
"2518","715","117328"
"2519","142","117328"
"2520","399","117328"
"2521","226","11747"
"2522","15","11747"
"2523","551","11747"
"2524","200","11747"
"2525","1131","11747"
"2526","522","126849"
"2527","606","126849"
"2528","110","126849"
"2529","1109","126849"
"2530","628","126849"
"2531","83","96087"
"2532","139","96087"
"2533","965","96087"
"2534","1038","96087"
"2535","1087","96087"
"2536","7","213884"
"2537","642","213884"
"2538","81","213884"
"2539","434","213884"
"2540","750","213884"
"2541","43","268365"
"2542","50","268365"
"2543","473","268365"
"2544","994","268365"
"2545","662","268365"
"2546","123","228277"
"2547","519","228277"
"2548","676","228277"
"2549","890","228277"
"2550","440","228277"
"2551","377","260458"
"2552","547","260458"
"2553","83","260458"
"2554","425","260458"
"2555","686","260458"
"2556","358","211496"
"2557","66","211496"
"2558","73","211496"
"2559","981","211496"
"2560","323","211496"
"2561","355","255890"
"2562","749","255890"
"2563","638","255890"
"2564","398","255890"
"2565","396","255890"
"2566","910","66589"
"2567","968","66589"
"2568","339","66589"
"2569","485","66589"
"2570","228","66589"
"2571","500","127922"
"2572","865","127922"
"2573","38","127922"
"2574","71","127922"
"2575","351","127922"
"2576","897","188311"
"2577","17","188311"
"2578","189","188311"
"2579","505","188311"
"2580","1094","188311"
"2581","1123","158643"
"2582","580","158643"
"2583","506","158643"
"2584","584","158643"
"2585","927","158643"
"2586","660","15203"
"2587","551","15203"
"2588","758","15203"
"2589","869","15203"
"2590","451","15203"
"2591","735","125761"
"2592","139","125761"
"2593","815","125761"
"2594","698","125761"
"2595","126","125761"
"2596","1031","66975"
"2597","152","66975"
"2598","502","66975"
"2599","873","66975"
"2600","684","66975"
"2601","645","60756"
"2602","511","60756"
"2603","368","60756"
"2604","1078","60756"
"2605","679","60756"
"2606","1129","47563"
"2607","1151","47563"
"2608","379","47563"
"2609","20","47563"
"2610","745","47563"
"2611","35","44626"
"2612","577","44626"
"2613","581","44626"
"2614","84","44626"
"2615","110","44626"
"2616","611","187829"
"2617","207","187829"
"2618","590","187829"
"2619","647","187829"
"2620","928","187829"
"2621","526","89921"
"2622","213","89921"
"2623","1079","89921"
"2624","161","89921"
"2625","415","89921"
"2626","624","200601"
"2627","700","200601"
"2628","55","200601"
"2629","920","200601"
"2630","265","200601"
"2631","179","89953"
"2632","26","89953"
"2633","1003","89953"
"2634","697","89953"
"2635","17","89953"
"2636","182","24436"
"2637","386","24436"
"2638","341","24436"
"2639","608","24436"
"2640","336","24436"
"2641","945","147812"
"2642","864","147812"
"2643","48","147812"
"2644","236","147812"
"2645","1063","147812"
"2646","867","109845"
"2647","842","109845"
"2648","355","109845"
"2649","912","109845"
"2650","195","109845"
"2651","720","44626"
"2652","184","44626"
"2653","361","44626"
"2654","608","44626"
"2655","947","44626"
"2656","1098","250951"
"2657","1110","250951"
"2658","1025","250951"
"2659","572","250951"
"2660","907","250951"
"2661","797","258851"
"2662","803","258851"
"2663","871","258851"
"2664","363","258851"
"2665","974","258851"
"2666","112","213707"
"2667","26","213707"
"2668","333","213707"
"2669","882","213707"
"2670","550","213707"
"2671","942","196989"
"2672","411","196989"
"2673","150","196989"
"2674","184","196989"
"2675","490","196989"
"2676","825","228972"
"2677","536","228972"
"2678","298","228972"
"2679","875","228972"
"2680","388","228972"
"2681","269","116712"
"2682","366","116712"
"2683","333","116712"
"2684","327","116712"
"2685","237","116712"
"2686","780","134290"
"2687","1117","134290"
"2688","635","134290"
"2689","1106","134290"
"2690","131","134290"
"2691","93","48081"
"2692","239","48081"
"2693","660","48081"
"2694","1137","48081"
"2695","356","48081"
"2696","123","262886"
"2697","998","262886"
"2698","271","262886"
"2699","1145","262886"
"2700","1070","262886"
"2701","997","236242"
"2702","597","236242"
"2703","797","236242"
"2704","1062","236242"
"2705","340","236242"
"2706","258","81844"
"2707","303","81844"
"2708","386","81844"
"2709","422","81844"
"2710","298","81844"
"2711","225","319"
"2712","398","319"
"2713","540","319"
"2714","845","319"
"2715","79","319"
"2716","628","237027"
"2717","203","237027"
"2718","553","237027"
"2719","206","237027"
"2720","758","237027"
"2721","924","152179"
"2722","252","152179"
"2723","1089","152179"
"2724","63","152179"
"2725","1002","152179"
"2726","494","55188"
"2727","886","55188"
"2728","486","55188"
"2729","231","55188"
"2730","168","55188"
"2731","527","25407"
"2732","475","25407"
"2733","1099","25407"
"2734","628","25407"
"2735","601","25407"
"2736","160","41564"
"2737","581","41564"
"2738","971","41564"
"2739","1014","41564"
"2740","1075","41564"
"2741","1069","131084"
"2742","148","131084"
"2743","640","131084"
"2744","156","131084"
"2745","403","131084"
"2746","293","23014"
"2747","1092","23014"
"2748","204","23014"
"2749","466","23014"
"2750","962","23014"
