"password","last_login","is_superuser","is_staff","is_active","date_joined","username","id","first_name","last_name","age","email","bio","country"
"Password123","","0","0","1","2022-02-18","@SylviaMiller109044","109044","Sylvia","Miller","64","Sylvia.Miller109044@example.com","Ea optio.","oklahoma city, oklahoma, usa"
"Password123","","0","0","1","2022-02-18","@StaceyBegum185532","185532","Stacey","Begum","147","Stacey.Begum185532@example.com","Error.","san fracisco, california, usa"
"Password123","","0","0","1","2022-02-18","@DorothyStone145929","145929","Dorothy","Stone","105","Dorothy.Stone145929@example.com","Inventore.","bad homburg, hessen, germany"
"Password123","","0","0","1","2022-02-18","@EdwardBradley170814","170814","Edward","Bradley","42","Edward.Bradley170814@example.com","Aliquam.","messina, sicilia, italy"
"Password123","","0","0","1","2022-02-18","@JanetSmart104159","104159","Janet","Smart","22","Janet.Smart104159@example.com","Suscipit.","forest lake, minnesota, usa"
"Password123","","0","0","1","2022-02-18","@JacquelineWalker151202","151202","Jacqueline","Walker","127","Jacqueline.Walker151202@example.com","Deleniti.","santander, cantabria, spain"
"Password123","","0","0","1","2022-02-18","@VictoriaBegum45948","45948","Victoria","Begum","130","Victoria.Begum45948@example.com","Autem.","st. johnsbury, vermont, usa"
"Password123","","0","0","1","2022-02-18","@FionaHill1300","1300","Fiona","Hill","20","Fiona.Hill1300@example.com","Aut.","wauwatosa, wisconsin, usa"
"Password123","","0","0","1","2022-02-18","@MitchellMiller217681","217681","Mitchell","Miller","89","Mitchell.Miller217681@example.com","Repellat.","oak hill, virginia, usa"
"Password123","","0","0","1","2022-02-18","@BarryWilson259755","259755","Barry","Wilson","56","Barry.Wilson259755@example.com","Voluptate.","philadelphia, pennsylvania, usa"
"Password123","","0","0","1","2022-02-18","@SusanStanley4653","4653","Susan","Stanley","36","Susan.Stanley4653@example.com","Quisquam.","santiago, region metropolitana, chile"
"Password123","","0","0","1","2022-02-18","@SandraMitchell121159","121159","Sandra","Mitchell","76","Sandra.Mitchell121159@example.com","Quo.","stuttgart, baden-wuerttemberg, germany"
"Password123","","0","0","1","2022-02-18","@RhysNicholson68227","68227","Rhys","Nicholson","3","Rhys.Nicholson68227@example.com","Culpa.","el paso, texas, usa"
"Password123","","0","0","1","2022-02-18","@AmandaRichards244947","244947","Amanda","Richards","27","Amanda.Richards244947@example.com","Id et a.","stuart, florida, usa"
"Password123","","0","0","1","2022-02-18","@ShirleyHolmes24024","24024","Shirley","Holmes","127","Shirley.Holmes24024@example.com","Repellat.","new york, new york, usa"
"Password123","","0","0","1","2022-02-18","@GeorgeReid33778","33778","George","Reid","117","George.Reid33778@example.com","Est.","sealy, texas, usa"
"Password123","","0","0","1","2022-02-18","@DylanMoore88586","88586","Dylan","Moore","92","Dylan.Moore88586@example.com","Commodi.","untermeitingen, bayern, germany"
"Password123","","0","0","1","2022-02-18","@PatrickChamberlain2391","2391","Patrick","Chamberlain","57","Patrick.Chamberlain2391@example.com","Magni.","karachi, idaho, pakistan"
"Password123","","0","0","1","2022-02-18","@RosieMoore52109","52109","Rosie","Moore","36","Rosie.Moore52109@example.com","Quisquam.","milano, lombardia, italy"
"Password123","","0","0","1","2022-02-18","@MarySmith216249","216249","Mary","Smith","103","Mary.Smith216249@example.com","Nobis.","jefferson city, missouri, usa"
"Password123","","0","0","1","2022-02-18","@RachaelMorgan248294","248294","Rachael","Morgan","29","Rachael.Morgan248294@example.com","Rem.","nyc, new york, usa"
"Password123","","0","0","1","2022-02-18","@StuartHarris72418","72418","Stuart","Harris","145","Stuart.Harris72418@example.com","Eveniet.","chapel hill, north carolina, usa"
"Password123","","0","0","1","2022-02-18","@BrandonThompson135574","135574","Brandon","Thompson","81","Brandon.Thompson135574@example.com","Quidem.","lantana, florida, usa"
"Password123","","0","0","1","2022-02-18","@SophieDavison247351","247351","Sophie","Davison","34","Sophie.Davison247351@example.com","Facilis.","unknown, unknown, italy"
"Password123","","0","0","1","2022-02-18","@SeanLucas19033","19033","Sean","Lucas","47","Sean.Lucas19033@example.com","Magnam.","belle fourche, south dakota, usa"
"Password123","","0","0","1","2022-02-18","@DeniseRobinson219065","219065","Denise","Robinson","72","Denise.Robinson219065@example.com","Neque.","daly city, , usa"
"Password123","","0","0","1","2022-02-18","@StewartLee175095","175095","Stewart","Lee","4","Stewart.Lee175095@example.com","Ratione.","austin, texas, usa"
"Password123","","0","0","1","2022-02-18","@SylviaThomson98343","98343","Sylvia","Thomson","51","Sylvia.Thomson98343@example.com","Dolorum.","madrid, madrid spain, spain"
"Password123","","0","0","1","2022-02-18","@ElliotDuffy224286","224286","Elliot","Duffy","126","Elliot.Duffy224286@example.com","Vero.","tustin, michigan, usa"
"Password123","","0","0","1","2022-02-18","@MichelleMoore196515","196515","Michelle","Moore","52","Michelle.Moore196515@example.com","Quia.","changchun, jilin province, china"
"Password123","","0","0","1","2022-02-18","@TrevorSmith54809","54809","Trevor","Smith","18","Trevor.Smith54809@example.com","Ea.","victoria, british columbia, canada"
"Password123","","0","0","1","2022-02-18","@GaryWilson98777","98777","Gary","Wilson","64","Gary.Wilson98777@example.com","Quam.","blenheim, n/a, new zealand"
"Password123","","0","0","1","2022-02-18","@AnthonyCarr67255","67255","Anthony","Carr","1","Anthony.Carr67255@example.com","Quis.","kenabeek, ontario, canada"
"Password123","","0","0","1","2022-02-18","@AmberBarnes54487","54487","Amber","Barnes","90","Amber.Barnes54487@example.com","Eos ipsam.","pécs, baranya, hungary"
"Password123","","0","0","1","2022-02-18","@AbbiePritchard72874","72874","Abbie","Pritchard","57","Abbie.Pritchard72874@example.com","Molestias.","manchester, england, united kingdom"
"Password123","","0","0","1","2022-02-18","@JoelDuncan27401","27401","Joel","Duncan","132","Joel.Duncan27401@example.com","Vitae.","kalamazoo, michigan, usa"
"Password123","","0","0","1","2022-02-18","@BenjaminWall149517","149517","Benjamin","Wall","98","Benjamin.Wall149517@example.com","Accusamus.","athens, ohio, usa"
"Password123","","0","0","1","2022-02-18","@OliviaBowen25309","25309","Olivia","Bowen","133","Olivia.Bowen25309@example.com","Magnam.","milano, lombardia, italy"
"Password123","","0","0","1","2022-02-18","@VincentAtkinson167215","167215","Vincent","Atkinson","6","Vincent.Atkinson167215@example.com","Autem.","sequim, washington, usa"
"Password123","","0","0","1","2022-02-18","@AnthonyDaniels11957","11957","Anthony","Daniels","124","Anthony.Daniels11957@example.com","Rerum.","carlsbad, california, usa"
"Password123","","0","0","1","2022-02-18","@BethanReynolds65772","65772","Bethan","Reynolds","60","Bethan.Reynolds65772@example.com","Vel.","deltona, florida, usa"
"Password123","","0","0","1","2022-02-18","@DianeMatthews146689","146689","Diane","Matthews","42","Diane.Matthews146689@example.com","Alias.","brookline, massachusetts, usa"
"Password123","","0","0","1","2022-02-18","@GeraldineClark116342","116342","Geraldine","Clark","107","Geraldine.Clark116342@example.com","Cum quas.","aberdeen, new jersey, usa"
"Password123","","0","0","1","2022-02-18","@MaxKing149480","149480","Max","King","125","Max.King149480@example.com","Vel ullam.","barcelona, cataluña, spain"
"Password123","","0","0","1","2022-02-18","@JakeRobinson43555","43555","Jake","Robinson","96","Jake.Robinson43555@example.com","Sequi.","mill valley, california, usa"
"Password123","","0","0","1","2022-02-18","@DianaWhite215426","215426","Diana","White","138","Diana.White215426@example.com","Sint ad.","cordenons, friuli venezia giulia, italy"
"Password123","","0","0","1","2022-02-18","@JulieWallace254599","254599","Julie","Wallace","57","Julie.Wallace254599@example.com","Fugit.","ladenburg, baden-wuerttemberg, germany"
"Password123","","0","0","1","2022-02-18","@DamienJames70529","70529","Damien","James","97","Damien.James70529@example.com","Excepturi.","atlanta, georgia, usa"
"Password123","","0","0","1","2022-02-18","@AaronTaylor91630","91630","Aaron","Taylor","140","Aaron.Taylor91630@example.com","Soluta ex.","melbourne, victoria, australia"
"Password123","","0","0","1","2022-02-18","@CharlieLeonard140906","140906","Charlie","Leonard","133","Charlie.Leonard140906@example.com","Amet.","eastern heights, queensland, australia"
"Password123","","0","0","1","2022-02-18","@TerenceMiller173026","173026","Terence","Miller","29","Terence.Miller173026@example.com","Incidunt.","buellton, california, usa"
"Password123","","0","0","1","2022-02-18","@DenisePowell95671","95671","Denise","Powell","92","Denise.Powell95671@example.com","Sequi.","covilhã, covilhã, portugal"
"Password123","","0","0","1","2022-02-18","@JoannaWhite10084","10084","Joanna","White","115","Joanna.White10084@example.com","Nam.","plano, texas, usa"
"Password123","","0","0","1","2022-02-18","@SophiePower67999","67999","Sophie","Power","140","Sophie.Power67999@example.com","Dicta.","alvin, texas, usa"
"Password123","","0","0","1","2022-02-18","@KatherineLees165112","165112","Katherine","Lees","55","Katherine.Lees165112@example.com","Ipsam.","firenze, toscana, italy"
"Password123","","0","0","1","2022-02-18","@SamanthaFreeman65202","65202","Samantha","Freeman","144","Samantha.Freeman65202@example.com","Neque.","williamstown, massachusetts, usa"
"Password123","","0","0","1","2022-02-18","@KatieCox193643","193643","Katie","Cox","8","Katie.Cox193643@example.com","Hic.","lacey, washington, usa"
"Password123","","0","0","1","2022-02-18","@MargaretWilkinson261990","261990","Margaret","Wilkinson","46","Margaret.Wilkinson261990@example.com","Eveniet.","dayton, ohio, usa"
"Password123","","0","0","1","2022-02-18","@SimonSingh141308","141308","Simon","Singh","58","Simon.Singh141308@example.com","Ex fugit.","norfolk, virginia, usa"
"Password123","","0","0","1","2022-02-18","@ElaineParker200804","200804","Elaine","Parker","20","Elaine.Parker200804@example.com","Magnam.","warrington, england, united kingdom"
"Password123","","0","0","1","2022-02-18","@RussellHussain11909","11909","Russell","Hussain","41","Russell.Hussain11909@example.com","Quas amet.","beijing, beijing, china"
"Password123","","0","0","1","2022-02-18","@NaomiHussain229940","229940","Naomi","Hussain","138","Naomi.Hussain229940@example.com","Id autem.","cormano, lombardia, italy"
"Password123","","0","0","1","2022-02-18","@BrettKennedy94392","94392","Brett","Kennedy","120","Brett.Kennedy94392@example.com","Provident.","coventry, connecticut, usa"
"Password123","","0","0","1","2022-02-18","@JustinJones181308","181308","Justin","Jones","58","Justin.Jones181308@example.com","Iusto.","brisbane, queensland, australia"
"Password123","","0","0","1","2022-02-18","@DerekDavis270780","270780","Derek","Davis","19","Derek.Davis270780@example.com","Deleniti.","tujunga, california, usa"
"Password123","","0","0","1","2022-02-18","@LindseyBrown146909","146909","Lindsey","Brown","18","Lindsey.Brown146909@example.com","Minus.","rome, italy, italy"
"Password123","","0","0","1","2022-02-18","@JoshHolt188735","188735","Josh","Holt","117","Josh.Holt188735@example.com","Quisquam.","ludlow, massachusetts, usa"
"Password123","","0","0","1","2022-02-18","@MarionCook79863","79863","Marion","Cook","143","Marion.Cook79863@example.com","Ut.","rickmansworth, hertfordshire, united kingdom"
"Password123","","0","0","1","2022-02-18","@KieranWilliams39275","39275","Kieran","Williams","89","Kieran.Williams39275@example.com","Eveniet.","heidelberg, baden-wuerttemberg, germany"
"Password123","","0","0","1","2022-02-18","@KellyByrne159411","159411","Kelly","Byrne","114","Kelly.Byrne159411@example.com","Ipsam.","st. louis, missouri, usa"
"Password123","","0","0","1","2022-02-18","@StevenCox269959","269959","Steven","Cox","44","Steven.Cox269959@example.com","Ullam.","tacoma, washington, usa"
"Password123","","0","0","1","2022-02-18","@MitchellBrown81280","81280","Mitchell","Brown","34","Mitchell.Brown81280@example.com","Delectus.","columbia, missouri, usa"
"Password123","","0","0","1","2022-02-18","@VictorBaker132900","132900","Victor","Baker","17","Victor.Baker132900@example.com","Id et qui.","somewhere, n/a, germany"
"Password123","","0","0","1","2022-02-18","@JonathanSingh91731","91731","Jonathan","Singh","83","Jonathan.Singh91731@example.com","Voluptas.","vancouver, british columbia, canada"
"Password123","","0","0","1","2022-02-18","@JoanneRobertson91849","91849","Joanne","Robertson","140","Joanne.Robertson91849@example.com","Hic.","derby, england, united kingdom"
"Password123","","0","0","1","2022-02-18","@CliveWilson33572","33572","Clive","Wilson","19","Clive.Wilson33572@example.com","Aliquid.","topeka, kansas, usa"
"Password123","","0","0","1","2022-02-18","@DianaRahman141253","141253","Diana","Rahman","101","Diana.Rahman141253@example.com","Neque.","chicago, illinois, usa"
"Password123","","0","0","1","2022-02-18","@CarolKing10319","10319","Carol","King","78","Carol.King10319@example.com","Esse sunt.","ellsworth, wisconsin, usa"
"Password123","","0","0","1","2022-02-18","@LauraBradley149144","149144","Laura","Bradley","97","Laura.Bradley149144@example.com","Ullam eos.","trumansburg, new york, usa"
"Password123","","0","0","1","2022-02-18","@CharleneChapman67874","67874","Charlene","Chapman","102","Charlene.Chapman67874@example.com","Sapiente.","lethbridge, alberta, canada"
"Password123","","0","0","1","2022-02-18","@AaronMorris15947","15947","Aaron","Morris","142","Aaron.Morris15947@example.com","Incidunt.","london, england, united kingdom"
"Password123","","0","0","1","2022-02-18","@FrancesPhillips175684","175684","Frances","Phillips","52","Frances.Phillips175684@example.com","Ipsam.","roma, lazio, italy"
"Password123","","0","0","1","2022-02-18","@VincentWilkinson157594","157594","Vincent","Wilkinson","92","Vincent.Wilkinson157594@example.com","Sapiente.","vancouver, british columbia, canada"
"Password123","","0","0","1","2022-02-18","@JohnPrice105365","105365","John","Price","59","John.Price105365@example.com","Placeat.","columbia, missouri, usa"
"Password123","","0","0","1","2022-02-18","@BrendaMoore75911","75911","Brenda","Moore","61","Brenda.Moore75911@example.com","Dolorem.","austin, texas, usa"
"Password123","","0","0","1","2022-02-18","@MaxTaylor242027","242027","Max","Taylor","16","Max.Taylor242027@example.com","A id sunt.","west hartford, connecticut, usa"
"Password123","","0","0","1","2022-02-18","@DianeScott247038","247038","Diane","Scott","144","Diane.Scott247038@example.com","Ipsum.","west bend, wisconsin, usa"
"Password123","","0","0","1","2022-02-18","@PaulaBennett220978","220978","Paula","Bennett","97","Paula.Bennett220978@example.com","Eveniet.","madrid, molise, spain"
"Password123","","0","0","1","2022-02-18","@FionaJones245875","245875","Fiona","Jones","78","Fiona.Jones245875@example.com","Delectus.","sidi aich, algeria, algeria"
"Password123","","0","0","1","2022-02-18","@AmeliaWhitehouse109049","109049","Amelia","Whitehouse","129","Amelia.Whitehouse109049@example.com","Illo.","west concord, minnesota, usa"
"Password123","","0","0","1","2022-02-18","@ColinBall176819","176819","Colin","Ball","141","Colin.Ball176819@example.com","Et amet.","montreuil, n/a, france"
"Password123","","0","0","1","2022-02-18","@LynneBartlett3356","3356","Lynne","Bartlett","48","Lynne.Bartlett3356@example.com","Aut.","miami, florida, usa"
"Password123","","0","0","1","2022-02-18","@RonaldTaylor166435","166435","Ronald","Taylor","7","Ronald.Taylor166435@example.com","Dolorum.","newport beach, california, usa"
"Password123","","0","0","1","2022-02-18","@KatyRandall9474","9474","Katy","Randall","61","Katy.Randall9474@example.com","Ad quia.","dayton, ohio, usa"
"Password123","","0","0","1","2022-02-18","@JaniceChapman255978","255978","Janice","Chapman","103","Janice.Chapman255978@example.com","Ut amet.","maputo, \n/a\"", mozambique"""
"Password123","","0","0","1","2022-02-18","@GraemeParker10291","10291","Graeme","Parker","65","Graeme.Parker10291@example.com","Ut.","visakhapatnam, andhra pradesh, india"
"Password123","","0","0","1","2022-02-18","@ColinWebster166642","166642","Colin","Webster","147","Colin.Webster166642@example.com","Possimus.","oviedo, alaska, spain"
"Password123","","0","0","1","2022-02-18","@ChelseaDonnelly103930","103930","Chelsea","Donnelly","60","Chelsea.Donnelly103930@example.com","Possimus.","porto rafti, n/a, greece"
"Password123","","0","0","1","2022-02-18","@MalcolmPrice185486","185486","Malcolm","Price","46","Malcolm.Price185486@example.com","Nulla.","winnipeg, manitoba, canada"
"Password123","","0","0","1","2022-02-18","@FionaSmith124881","124881","Fiona","Smith","96","Fiona.Smith124881@example.com","Qui rerum.","catania, sicilia, italy"
"Password123","","0","0","1","2022-02-18","@SamuelHayes72722","72722","Samuel","Hayes","57","Samuel.Hayes72722@example.com","Et.","madrid, madrid, spain"
"Password123","","0","0","1","2022-02-18","@GordonPerkins130662","130662","Gordon","Perkins","101","Gordon.Perkins130662@example.com","Accusamus.","rochester, new york, usa"
"Password123","","0","0","1","2022-02-18","@ClaireBrown39183","39183","Claire","Brown","88","Claire.Brown39183@example.com","Tempore.","elgin, illinois, usa"
"Password123","","0","0","1","2022-02-18","@AmandaWest239992","239992","Amanda","West","112","Amanda.West239992@example.com","Expedita.","jackson, new jersey, usa"
"Password123","","0","0","1","2022-02-18","@LisaAnderson142448","142448","Lisa","Anderson","93","Lisa.Anderson142448@example.com","Officiis.","bergamo, lombardia, italy"
"Password123","","0","0","1","2022-02-18","@EmilyBurke65828","65828","Emily","Burke","93","Emily.Burke65828@example.com","Quidem.","sherman, texas, usa"
"Password123","","0","0","1","2022-02-18","@LindseyWalker19680","19680","Lindsey","Walker","105","Lindsey.Walker19680@example.com","Sed sunt.","powder springs, georgia, usa"
"Password123","","0","0","1","2022-02-18","@JessicaJackson205362","205362","Jessica","Jackson","70","Jessica.Jackson205362@example.com","Aliquid.","nepean, ontario, canada"
"Password123","","0","0","1","2022-02-18","@EmmaHarper123341","123341","Emma","Harper","43","Emma.Harper123341@example.com","Fugiat ut.","uppsala, uppland, sweden"
"Password123","","0","0","1","2022-02-18","@NatashaAtkinson155238","155238","Natasha","Atkinson","70","Natasha.Atkinson155238@example.com","Corrupti.","salzburg, salzburg, austria"
"Password123","","0","0","1","2022-02-18","@CraigDale994","994","Craig","Dale","30","Craig.Dale994@example.com","Vero.","brownsville, texas, usa"
"Password123","","0","0","1","2022-02-18","@JoeThorpe9466","9466","Joe","Thorpe","44","Joe.Thorpe9466@example.com","Nulla nam.","mumbai, maharashtra, india"
"Password123","","0","0","1","2022-02-18","@BrendaWilkinson96656","96656","Brenda","Wilkinson","134","Brenda.Wilkinson96656@example.com","Nobis.","south bend, indiana, usa"
"Password123","","0","0","1","2022-02-18","@TinaHoward196767","196767","Tina","Howard","53","Tina.Howard196767@example.com","Natus.","fairfax, ,"
"Password123","","0","0","1","2022-02-18","@LouisPorter73520","73520","Louis","Porter","11","Louis.Porter73520@example.com","Quisquam.","nyc, new york, usa"
"Password123","","0","0","1","2022-02-18","@JoshuaBaxter80389","80389","Joshua","Baxter","113","Joshua.Baxter80389@example.com","Optio.","appignano del tronto, abruzzo, italy"
"Password123","","0","0","1","2022-02-18","@JoanneFletcher77389","77389","Joanne","Fletcher","106","Joanne.Fletcher77389@example.com","Debitis.","wolverhampton, england, united kingdom"
"Password123","","0","0","1","2022-02-18","@SusanYoung238936","238936","Susan","Young","13","Susan.Young238936@example.com","Ducimus.","thornton, pennsylvania, usa"
"Password123","","0","0","1","2022-02-18","@HazelJones104346","104346","Hazel","Jones","22","Hazel.Jones104346@example.com","Expedita.","nussloch, baden-wuerttemberg, germany"
"Password123","","0","0","1","2022-02-18","@GeraldJones79159","79159","Gerald","Jones","57","Gerald.Jones79159@example.com","Beatae.","austin, texas, usa"
"Password123","","0","0","1","2022-02-18","@JustinStewart190402","190402","Justin","Stewart","8","Justin.Stewart190402@example.com","Aut.","raleigh, north carolina, usa"
"Password123","","0","0","1","2022-02-18","@EmilySmith175924","175924","Emily","Smith","17","Emily.Smith175924@example.com","Laborum.","hillsboro, texas, usa"
"Password123","","0","0","1","2022-02-18","@JonathanWright182213","182213","Jonathan","Wright","42","Jonathan.Wright182213@example.com","Quam quos.","camberley, england, united kingdom"
"Password123","","0","0","1","2022-02-18","@DenisMyers82433","82433","Denis","Myers","124","Denis.Myers82433@example.com","Ad.","bois colombes, ile de france, france"
"Password123","","0","0","1","2022-02-18","@StaceyWilson100702","100702","Stacey","Wilson","96","Stacey.Wilson100702@example.com","Neque.","toronto, ontario, canada"
"Password123","","0","0","1","2022-02-18","@ConorHowells119789","119789","Conor","Howells","51","Conor.Howells119789@example.com","Officia.","london, london, united kingdom"
"Password123","","0","0","1","2022-02-18","@CameronFrost243694","243694","Cameron","Frost","40","Cameron.Frost243694@example.com","Eius.","bellingham, washington, usa"
"Password123","","0","0","1","2022-02-18","@PhilipWard245802","245802","Philip","Ward","27","Philip.Ward245802@example.com","A.","hamburg, hamburg, germany"
"Password123","","0","0","1","2022-02-18","@BernardHussain141048","141048","Bernard","Hussain","40","Bernard.Hussain141048@example.com","Sapiente.","mainz, rheinland-pfalz, germany"
"Password123","","0","0","1","2022-02-18","@EricRussell107315","107315","Eric","Russell","117","Eric.Russell107315@example.com","Minus cum.","phoenix, arizona, usa"
"Password123","","0","0","1","2022-02-18","@HayleyJenkins12521","12521","Hayley","Jenkins","107","Hayley.Jenkins12521@example.com","Expedita.","new york city/long island, new york, usa"
"Password123","","0","0","1","2022-02-18","@WilliamKemp3076","3076","William","Kemp","20","William.Kemp3076@example.com","Itaque.","oakland, california, usa"
"Password123","","0","0","1","2022-02-18","@HollySaunders110937","110937","Holly","Saunders","118","Holly.Saunders110937@example.com","Debitis.","napoli, campania, italy"
"Password123","","0","0","1","2022-02-18","@KarenParker46107","46107","Karen","Parker","127","Karen.Parker46107@example.com","Facilis.","cincinnati, ohio, usa"
"Password123","","0","0","1","2022-02-18","@ArthurGriffiths206907","206907","Arthur","Griffiths","94","Arthur.Griffiths206907@example.com","Magnam.","rotterdam, zuid-holland, netherlands"
"Password123","","0","0","1","2022-02-18","@LouiseBell258342","258342","Louise","Bell","97","Louise.Bell258342@example.com","Laborum.","los angeles, california, usa"
"Password123","","0","0","1","2022-02-18","@AaronPoole271069","271069","Aaron","Poole","125","Aaron.Poole271069@example.com","Vitae ad.","chicago, illinois, usa"
"Password123","","0","0","1","2022-02-18","@LeanneMyers58293","58293","Leanne","Myers","9","Leanne.Myers58293@example.com","Officia.","tacoma, washington, usa"
"Password123","","0","0","1","2022-02-18","@RobertBird175644","175644","Robert","Bird","148","Robert.Bird175644@example.com","Quia.","almelo, overijssel, netherlands"
"Password123","","0","0","1","2022-02-18","@JoshuaHewitt72673","72673","Joshua","Hewitt","88","Joshua.Hewitt72673@example.com","Itaque.","arcata, california, usa"
"Password123","","0","0","1","2022-02-18","@JacobHayward68739","68739","Jacob","Hayward","76","Jacob.Hayward68739@example.com","Quidem.","nancy, lorraine, france"
"Password123","","0","0","1","2022-02-18","@VanessaFaulkner97447","97447","Vanessa","Faulkner","122","Vanessa.Faulkner97447@example.com","Velit.","singapore, n/a, singapore"
"Password123","","0","0","1","2022-02-18","@KimLeonard78637","78637","Kim","Leonard","99","Kim.Leonard78637@example.com","Veritatis.","gainesville, florida, usa"
"Password123","","0","0","1","2022-02-18","@DuncanOliver15232","15232","Duncan","Oliver","44","Duncan.Oliver15232@example.com","Qui vitae.","mississauga, ontario, canada"
"Password123","","0","0","1","2022-02-18","@KatyThorpe140465","140465","Katy","Thorpe","58","Katy.Thorpe140465@example.com","Nulla.","barcelona, catalunya, spain"
"Password123","","0","0","1","2022-02-18","@TobySmith100460","100460","Toby","Smith","36","Toby.Smith100460@example.com","Quaerat.","huntington, virginia, usa"
"Password123","","0","0","1","2022-02-18","@StanleyJames107434","107434","Stanley","James","93","Stanley.James107434@example.com","Autem.","innsbruck, tirol, austria"
"Password123","","0","0","1","2022-02-18","@RaymondReeves120346","120346","Raymond","Reeves","25","Raymond.Reeves120346@example.com","Sapiente.","poway, california, usa"
"Password123","","0","0","1","2022-02-18","@JeremyLewis112726","112726","Jeremy","Lewis","7","Jeremy.Lewis112726@example.com","Dolores.","torino, \n/a\"", italy"""
"Password123","","0","0","1","2022-02-18","@GordonSingh77504","77504","Gordon","Singh","139","Gordon.Singh77504@example.com","Quia.","sondrio, lombardia, italy"
"Password123","","0","0","1","2022-02-18","@MarionHarrison72779","72779","Marion","Harrison","29","Marion.Harrison72779@example.com","Odio.","cagnò, trentino alto adige, italy"
"Password123","","0","0","1","2022-02-18","@JackEllis58711","58711","Jack","Ellis","66","Jack.Ellis58711@example.com","Sapiente.","manchester, england, united kingdom"
"Password123","","0","0","1","2022-02-18","@AimeeWebb255048","255048","Aimee","Webb","82","Aimee.Webb255048@example.com","Veniam.","ruckersville, virginia, usa"
"Password123","","0","0","1","2022-02-18","@IrenePrice8054","8054","Irene","Price","33","Irene.Price8054@example.com","Voluptas.","reno, nevada, usa"
"Password123","","0","0","1","2022-02-18","@LindaGlover26654","26654","Linda","Glover","104","Linda.Glover26654@example.com","Ex ullam.","toronto, ontario, canada"
"Password123","","0","0","1","2022-02-18","@DianeFerguson249731","249731","Diane","Ferguson","133","Diane.Ferguson249731@example.com","Ipsa in a.","harrisville, rhode island, usa"
"Password123","","0","0","1","2022-02-18","@LewisJones75068","75068","Lewis","Jones","15","Lewis.Jones75068@example.com","Excepturi.","ringgold, georgia, usa"
"Password123","","0","0","1","2022-02-18","@BarbaraSharpe249795","249795","Barbara","Sharpe","114","Barbara.Sharpe249795@example.com","Illum.","cassablanca, cassablanca, morocco"
"Password123","","0","0","1","2022-02-18","@SarahMatthews271772","271772","Sarah","Matthews","106","Sarah.Matthews271772@example.com","Qui.","setúbal, n/a, portugal"
"Password123","","0","0","1","2022-02-18","@JemmaStone125461","125461","Jemma","Stone","53","Jemma.Stone125461@example.com","Minus.","london, middlesex, united kingdom"
"Password123","","0","0","1","2022-02-18","@CarolynChambers80920","80920","Carolyn","Chambers","115","Carolyn.Chambers80920@example.com","Excepturi.","roma, lazio, italy"
"Password123","","0","0","1","2022-02-18","@GaryHenry108953","108953","Gary","Henry","41","Gary.Henry108953@example.com","Molestiae.","albuquerque, new mexico, usa"
"Password123","","0","0","1","2022-02-18","@LynnFox190294","190294","Lynn","Fox","39","Lynn.Fox190294@example.com","Eos.","disney, oklahoma, usa"
"Password123","","0","0","1","2022-02-18","@JoannePatel147327","147327","Joanne","Patel","96","Joanne.Patel147327@example.com","Eaque.","miami beach, florida, usa"
"Password123","","0","0","1","2022-02-18","@SheilaElliott175001","175001","Sheila","Elliott","129","Sheila.Elliott175001@example.com","Alias.","madison, connecticut, usa"
"Password123","","0","0","1","2022-02-18","@AlexNicholls95816","95816","Alex","Nicholls","48","Alex.Nicholls95816@example.com","Eveniet.","almada, setúbal, portugal"
"Password123","","0","0","1","2022-02-18","@SheilaField42620","42620","Sheila","Field","38","Sheila.Field42620@example.com","Nisi.","leeds, england, united kingdom"
"Password123","","0","0","1","2022-02-18","@KateMartin151228","151228","Kate","Martin","17","Kate.Martin151228@example.com","Hic nobis.","madrid, madrid, spain"
"Password123","","0","0","1","2022-02-18","@GraemeTaylor128889","128889","Graeme","Taylor","115","Graeme.Taylor128889@example.com","Dolorem.","caledonia, ohio, usa"
"Password123","","0","0","1","2022-02-18","@DonnaRogers44003","44003","Donna","Rogers","64","Donna.Rogers44003@example.com","At minima.","asheboro, north carolina, usa"
"Password123","","0","0","1","2022-02-18","@GeraldineReed218843","218843","Geraldine","Reed","83","Geraldine.Reed218843@example.com","Rerum.","omaha, nebraska, usa"
"Password123","","0","0","1","2022-02-18","@JosephineWalsh98057","98057","Josephine","Walsh","98","Josephine.Walsh98057@example.com","Impedit.","istanbul, turkey, turkey"
"Password123","","0","0","1","2022-02-18","@KieranRichards207351","207351","Kieran","Richards","115","Kieran.Richards207351@example.com","Neque.","laguna niguel, california, usa"
"Password123","","0","0","1","2022-02-18","@NatashaTaylor222996","222996","Natasha","Taylor","106","Natasha.Taylor222996@example.com","Dolore.","palatine, illinois, usa"
"Password123","","0","0","1","2022-02-18","@IainThompson205338","205338","Iain","Thompson","24","Iain.Thompson205338@example.com","Qui.","new plymouth, taranaki, new zealand"
"Password123","","0","0","1","2022-02-18","@MauriceRyan25248","25248","Maurice","Ryan","32","Maurice.Ryan25248@example.com","Ipsam.","charleston, south carolina, usa"
"Password123","","0","0","1","2022-02-18","@GraceGilbert216085","216085","Grace","Gilbert","48","Grace.Gilbert216085@example.com","Animi.","montvale, virginia, usa"
"Password123","","0","0","1","2022-02-18","@GlenPrice190651","190651","Glen","Price","124","Glen.Price190651@example.com","Suscipit.","lower nazareth, pennsylvania, usa"
"Password123","","0","0","1","2022-02-18","@KimberleyPrice254098","254098","Kimberley","Price","12","Kimberley.Price254098@example.com","Earum.","douglasville, georgia, usa"
"Password123","","0","0","1","2022-02-18","@AmeliaAustin25896","25896","Amelia","Austin","29","Amelia.Austin25896@example.com","Quam.","aveiro, aveiro, portugal"
"Password123","","0","0","1","2022-02-18","@AmberIngram221336","221336","Amber","Ingram","82","Amber.Ingram221336@example.com","Eius odio.","trieste, friuli venezia giulia, italy"
"Password123","","0","0","1","2022-02-18","@GillianWallace105567","105567","Gillian","Wallace","22","Gillian.Wallace105567@example.com","Explicabo.","apex, north carolina, usa"
"Password123","","0","0","1","2022-02-18","@HelenGray35729","35729","Helen","Gray","2","Helen.Gray35729@example.com","Dolore.","linz, oberösterreich, austria"
"Password123","","0","0","1","2022-02-18","@LeonIqbal30571","30571","Leon","Iqbal","114","Leon.Iqbal30571@example.com","Tempore.","sandpoint, idaho, usa"
"Password123","","0","0","1","2022-02-18","@StaceyConway157143","157143","Stacey","Conway","55","Stacey.Conway157143@example.com","Nisi.","toronto, ontario, canada"
"Password123","","0","0","1","2022-02-18","@AllanParker200884","200884","Allan","Parker","57","Allan.Parker200884@example.com","Illo.","torino, piemonte, italy"
"Password123","","0","0","1","2022-02-18","@TracyWhite167497","167497","Tracy","White","55","Tracy.White167497@example.com","Aliquid.","yarmouth, nova scotia, canada"
"Password123","","0","0","1","2022-02-18","@VincentJarvis189374","189374","Vincent","Jarvis","136","Vincent.Jarvis189374@example.com","Amet.","são paulo, são paulo, brazil"
"Password123","","0","0","1","2022-02-18","@JosephRandall181501","181501","Joseph","Randall","9","Joseph.Randall181501@example.com","Tenetur.","van buren, missouri, usa"
"Password123","","0","0","1","2022-02-18","@PatriciaCarter180524","180524","Patricia","Carter","19","Patricia.Carter180524@example.com","Eligendi.","auckland, henderson, new zealand"
"Password123","","0","0","1","2022-02-18","@ShannonClarke241078","241078","Shannon","Clarke","5","Shannon.Clarke241078@example.com","Quam.","bray, wicklow, ireland"
"Password123","","0","0","1","2022-02-18","@PaulaJenkins63319","63319","Paula","Jenkins","68","Paula.Jenkins63319@example.com","Fuga.","toledo, ohio, usa"
"Password123","","0","0","1","2022-02-18","@LeahTaylor216267","216267","Leah","Taylor","66","Leah.Taylor216267@example.com","Minima.","huntley, illinois, usa"
"Password123","","0","0","1","2022-02-18","@MargaretGoodwin138242","138242","Margaret","Goodwin","68","Margaret.Goodwin138242@example.com","Velit.","forli, emilia romagna,"
"Password123","","0","0","1","2022-02-18","@RuthWatkins258855","258855","Ruth","Watkins","48","Ruth.Watkins258855@example.com","Quasi.","langley, british columbia, canada"
"Password123","","0","0","1","2022-02-18","@JordanField181738","181738","Jordan","Field","72","Jordan.Field181738@example.com","Quasi.","morgantown, west virginia, usa"
"Password123","","0","0","1","2022-02-18","@SamanthaLawrence152988","152988","Samantha","Lawrence","121","Samantha.Lawrence152988@example.com","Ipsam hic.","worpswede, niedersachsen, germany"
"Password123","","0","0","1","2022-02-18","@LorraineBates49415","49415","Lorraine","Bates","28","Lorraine.Bates49415@example.com","Quos.","calgary, alberta, canada"
"Password123","","0","0","1","2022-02-18","@JoelNorman79766","79766","Joel","Norman","106","Joel.Norman79766@example.com","Aperiam.","forlì, emilia romagna, italy"
"Password123","","0","0","1","2022-02-18","@BruceNolan57376","57376","Bruce","Nolan","77","Bruce.Nolan57376@example.com","Non quasi.","tulsa, oklahoma, usa"
"Password123","","0","0","1","2022-02-18","@KellyRead188226","188226","Kelly","Read","51","Kelly.Read188226@example.com","Velit.","brisbane, new south wales, australia"
"Password123","","0","0","1","2022-02-18","@BrianFletcher70758","70758","Brian","Fletcher","18","Brian.Fletcher70758@example.com","Corporis.","bennettsville, south carolina, usa"
"Password123","","0","0","1","2022-02-18","@DanielGill158174","158174","Daniel","Gill","145","Daniel.Gill158174@example.com","Rem.","rotterdam, zuid holland, netherlands"
"Password123","","0","0","1","2022-02-18","@GerardJames175905","175905","Gerard","James","6","Gerard.James175905@example.com","Sed.","halifax, nova scotia, canada"
"Password123","","0","0","1","2022-02-18","@IanJones128994","128994","Ian","Jones","120","Ian.Jones128994@example.com","Eaque.","guangzhou, guangdong, china"
"Password123","","0","0","1","2022-02-18","@ElliotJones272914","272914","Elliot","Jones","42","Elliot.Jones272914@example.com","Itaque.","singapore, n/a, singapore"
"Password123","","0","0","1","2022-02-18","@LouisBevan215620","215620","Louis","Bevan","37","Louis.Bevan215620@example.com","Rerum.","mifflintown, pennsylvania, usa"
"Password123","","0","0","1","2022-02-18","@MelissaGallagher132418","132418","Melissa","Gallagher","63","Melissa.Gallagher132418@example.com","Fuga.","seattle, washington, usa"
"Password123","","0","0","1","2022-02-18","@GerardSmith199751","199751","Gerard","Smith","106","Gerard.Smith199751@example.com","Quisquam.","austin, texas, usa"
"Password123","","0","0","1","2022-02-18","@LouiseCollier18602","18602","Louise","Collier","146","Louise.Collier18602@example.com","Maiores.","adelaide, south australia, australia"
"Password123","","0","0","1","2022-02-18","@NeilDavey56672","56672","Neil","Davey","30","Neil.Davey56672@example.com","Ipsum.","hondarribia, gipuzkoa, spain"
"Password123","","0","0","1","2022-02-18","@EleanorWebb75282","75282","Eleanor","Webb","34","Eleanor.Webb75282@example.com","Culpa.","barcelona, barcelona, spain"
"Password123","","0","0","1","2022-02-18","@JoeShepherd195770","195770","Joe","Shepherd","74","Joe.Shepherd195770@example.com","Dolore at.","sackville, new brunswick, canada"
"Password123","","0","0","1","2022-02-18","@DeanWilliams251915","251915","Dean","Williams","58","Dean.Williams251915@example.com","Cumque.","winona lake, indiana, usa"
"Password123","","0","0","1","2022-02-18","@KieranMurray185574","185574","Kieran","Murray","47","Kieran.Murray185574@example.com","Quidem.","portsmouth, virginia, usa"
"Password123","","0","0","1","2022-02-18","@TimothySlater74671","74671","Timothy","Slater","41","Timothy.Slater74671@example.com","Dolore.","phoenix, arizona, usa"
"Password123","","0","0","1","2022-02-18","@TerenceShaw148430","148430","Terence","Shaw","117","Terence.Shaw148430@example.com","Quisquam.","houston, texas, usa"
"Password123","","0","0","1","2022-02-18","@HenryHowell230729","230729","Henry","Howell","40","Henry.Howell230729@example.com","Iure.","denver, colorado, usa"
"Password123","","0","0","1","2022-02-18","@AnnetteHughes144369","144369","Annette","Hughes","75","Annette.Hughes144369@example.com","Soluta.","kingston, ontario, canada"
"Password123","","0","0","1","2022-02-18","@JackHarris103452","103452","Jack","Harris","35","Jack.Harris103452@example.com","Earum.","paris, n/a, france"
"Password123","","0","0","1","2022-02-18","@BrianPorter241146","241146","Brian","Porter","37","Brian.Porter241146@example.com","Nemo.","victoria, british columbia, canada"
"Password123","","0","0","1","2022-02-18","@DamianJones57593","57593","Damian","Jones","74","Damian.Jones57593@example.com","A totam.","berlin, n/a, germany"
"Password123","","0","0","1","2022-02-18","@LouisWalker80072","80072","Louis","Walker","54","Louis.Walker80072@example.com","Accusamus.","newton, south australia, australia"
"Password123","","0","0","1","2022-02-18","@MartinWhitehead266749","266749","Martin","Whitehead","138","Martin.Whitehead266749@example.com","Excepturi.","angola, new york, usa"
"Password123","","0","0","1","2022-02-18","@MargaretClarke228143","228143","Margaret","Clarke","141","Margaret.Clarke228143@example.com","Quisquam.","beer sheva, south, israel"
"Password123","","0","0","1","2022-02-18","@MarcThomas19999","19999","Marc","Thomas","129","Marc.Thomas19999@example.com","Odit.","zurich, zurich, switzerland"
"Password123","","0","0","1","2022-02-18","@KeithPowell6845","6845","Keith","Powell","113","Keith.Powell6845@example.com","Pariatur.","ann arbor, michigan, usa"
"Password123","","0","0","1","2022-02-18","@RichardGraham106813","106813","Richard","Graham","92","Richard.Graham106813@example.com","Autem.","fredericton, new brunswick, canada"
"Password123","","0","0","1","2022-02-18","@AaronBarrett265061","265061","Aaron","Barrett","25","Aaron.Barrett265061@example.com","Vitae.","malmö, skåne, sweden"
"Password123","","0","0","1","2022-02-18","@MollyField68909","68909","Molly","Field","114","Molly.Field68909@example.com","Hic eos.","chatham, england, united kingdom"
"Password123","","0","0","1","2022-02-18","@KatieBailey14001","14001","Katie","Bailey","114","Katie.Bailey14001@example.com","Possimus.","bainbridge, ohio, usa"
"Password123","","0","0","1","2022-02-18","@MalcolmMorris134399","134399","Malcolm","Morris","37","Malcolm.Morris134399@example.com","Facilis.","pell city, alabama, usa"
"Password123","","0","0","1","2022-02-18","@DanielBarker94752","94752","Daniel","Barker","33","Daniel.Barker94752@example.com","Eius.","westminster, maryland, usa"
"Password123","","0","0","1","2022-02-18","@ZoeCook69538","69538","Zoe","Cook","141","Zoe.Cook69538@example.com","Sunt.","new york, new york, usa"
"Password123","","0","0","1","2022-02-18","@ZoeWade85947","85947","Zoe","Wade","80","Zoe.Wade85947@example.com","Maxime.","les ulis, essonne, france"
"Password123","","0","0","1","2022-02-18","@CallumGoodwin82794","82794","Callum","Goodwin","20","Callum.Goodwin82794@example.com","Eveniet.","greenwood, western australia, australia"
"Password123","","0","0","1","2022-02-18","@JamieRice112985","112985","Jamie","Rice","68","Jamie.Rice112985@example.com","Eveniet.","binghamton, new york, usa"
"Password123","","0","0","1","2022-02-18","@GeorgeReed246533","246533","George","Reed","25","George.Reed246533@example.com","Modi.","new orleans, louisiana, usa"
"Password123","","0","0","1","2022-02-18","@JadeTaylor191563","191563","Jade","Taylor","32","Jade.Taylor191563@example.com","Nesciunt.","banbury, england, united kingdom"
"Password123","","0","0","1","2022-02-18","@JaniceScott231395","231395","Janice","Scott","27","Janice.Scott231395@example.com","Vero.","parkersburg, west virginia, usa"
"Password123","","0","0","1","2022-02-18","@PatriciaFrancis57890","57890","Patricia","Francis","41","Patricia.Francis57890@example.com","Voluptate.","san josde, california, usa"
"Password123","","0","0","1","2022-02-18","@DamienMcLean231775","231775","Damien","McLean","127","Damien.McLean231775@example.com","Molestias.","manheim, pennsylvania, usa"
"Password123","","0","0","1","2022-02-18","@HazelWest114358","114358","Hazel","West","6","Hazel.West114358@example.com","Deserunt.","shirley, massachusetts, usa"
"Password123","","0","0","1","2022-02-18","@MariaWood239865","239865","Maria","Wood","104","Maria.Wood239865@example.com","Dolor.","st. charles, missouri, usa"
"Password123","","0","0","1","2022-02-18","@FrederickThomas166804","166804","Frederick","Thomas","41","Frederick.Thomas166804@example.com","Sequi.","sierra vista, arizona, usa"
"Password123","","0","0","1","2022-02-18","@JayBrown155777","155777","Jay","Brown","5","Jay.Brown155777@example.com","Totam.","valencia, valencia, spain"
"Password123","","0","0","1","2022-02-18","@MauriceBurton25765","25765","Maurice","Burton","82","Maurice.Burton25765@example.com","Officia.","east kew, victoria, australia"
"Password123","","0","0","1","2022-02-18","@GerardLloyd135017","135017","Gerard","Lloyd","45","Gerard.Lloyd135017@example.com","Tempore.","dublin, ohio, usa"
"Password123","","0","0","1","2022-02-18","@AshleyBerry163151","163151","Ashley","Berry","51","Ashley.Berry163151@example.com","Odio.","pioneer, louisiana, usa"
"Password123","","0","0","1","2022-02-18","@JulieHammond231633","231633","Julie","Hammond","3","Julie.Hammond231633@example.com","Vitae ad.","cherry creek, new york, usa"
"Password123","","0","0","1","2022-02-18","@ChristianWright161250","161250","Christian","Wright","97","Christian.Wright161250@example.com","Ea.","germantown, maryland, usa"
"Password123","","0","0","1","2022-02-18","@GaryNaylor152276","152276","Gary","Naylor","25","Gary.Naylor152276@example.com","Facere ut.","portland, oregon, usa"
"Password123","","0","0","1","2022-02-18","@TracyBrown275823","275823","Tracy","Brown","53","Tracy.Brown275823@example.com","Labore.","griffith, indiana, usa"
"Password123","","0","0","1","2022-02-18","@SamanthaLyons274513","274513","Samantha","Lyons","76","Samantha.Lyons274513@example.com","Sapiente.","annapolis, maryland, usa"
"Password123","","0","0","1","2022-02-18","@HelenAli154209","154209","Helen","Ali","106","Helen.Ali154209@example.com","Magnam.","frankfurt (main), hessen, germany"
"Password123","","0","0","1","2022-02-18","@AbbieRobertson205977","205977","Abbie","Robertson","133","Abbie.Robertson205977@example.com","Explicabo.","parma, emilia romagna, italy"
"Password123","","0","0","1","2022-02-18","@GeoffreyCross166488","166488","Geoffrey","Cross","147","Geoffrey.Cross166488@example.com","Assumenda.","guadalupe, san jose, costa rica"
"Password123","","0","0","1","2022-02-18","@RogerWebb153547","153547","Roger","Webb","41","Roger.Webb153547@example.com","Nisi.","new york, new york, usa"
"Password123","","0","0","1","2022-02-18","@JoyceBarnes251752","251752","Joyce","Barnes","18","Joyce.Barnes251752@example.com","Excepturi.","nottingham, england, united kingdom"
"Password123","","0","0","1","2022-02-18","@CherylSmith215643","215643","Cheryl","Smith","74","Cheryl.Smith215643@example.com","Nisi.","datteln, nordrhein-westfalen, germany"
"Password123","","0","0","1","2022-02-18","@JaneBrooks274878","274878","Jane","Brooks","147","Jane.Brooks274878@example.com","Amet.","milano, lombardia, italy"
"Password123","","0","0","1","2022-02-18","@CarlyMartin141689","141689","Carly","Martin","17","Carly.Martin141689@example.com","Iusto.","porto, arizona, brazil"
"Password123","","0","0","1","2022-02-18","@JackBaker262398","262398","Jack","Baker","23","Jack.Baker262398@example.com","Odio.","rieti, lazio, italy"
"Password123","","0","0","1","2022-02-18","@TerryKhan23128","23128","Terry","Khan","27","Terry.Khan23128@example.com","Adipisci.","philadelphia, pennsylvania, usa"
"Password123","","0","0","1","2022-02-18","@JacobDavidson143466","143466","Jacob","Davidson","82","Jacob.Davidson143466@example.com","Inventore.","cypress, california, usa"
"Password123","","0","0","1","2022-02-18","@VanessaLawson49144","49144","Vanessa","Lawson","27","Vanessa.Lawson49144@example.com","Nihil.","ferreries, illes balears, spain"
"Password123","","0","0","1","2022-02-18","@KimJones235752","235752","Kim","Jones","107","Kim.Jones235752@example.com","Doloribus.","lubbock, ,"
"Password123","","0","0","1","2022-02-18","@ChristianFisher252505","252505","Christian","Fisher","143","Christian.Fisher252505@example.com","Eum.","waco, texas, usa"
"Password123","","0","0","1","2022-02-18","@GeraldineBrooks3390","3390","Geraldine","Brooks","146","Geraldine.Brooks3390@example.com","Quidem.","hamilton, ontario, canada"
"Password123","","0","0","1","2022-02-18","@LeanneJones8746","8746","Leanne","Jones","15","Leanne.Jones8746@example.com","Ab.","bangalore, karnataka, india"
"Password123","","0","0","1","2022-02-18","@BernardPalmer120345","120345","Bernard","Palmer","40","Bernard.Palmer120345@example.com","Rem.","charlottesville, virginia, usa"
"Password123","","0","0","1","2022-02-18","@CharlesHenry1226","1226","Charles","Henry","93","Charles.Henry1226@example.com","Dolore.","glendale, california, usa"
"Password123","","0","0","1","2022-02-18","@MaxDale198202","198202","Max","Dale","55","Max.Dale198202@example.com","At fugiat.","hamburg, hamburg, germany"
"Password123","","0","0","1","2022-02-18","@CameronHarvey20365","20365","Cameron","Harvey","115","Cameron.Harvey20365@example.com","Sint.","rome, rm, italy"
"Password123","","0","0","1","2022-02-18","@LeslieDouglas54404","54404","Leslie","Douglas","22","Leslie.Douglas54404@example.com","Incidunt.","owen sound, ontario, canada"
"Password123","","0","0","1","2022-02-18","@RaymondJames70585","70585","Raymond","James","150","Raymond.James70585@example.com","Omnis.","storvreta, uppland, sweden"
"Password123","","0","0","1","2022-02-18","@JacquelineJones125995","125995","Jacqueline","Jones","124","Jacqueline.Jones125995@example.com","Dicta.","springfield, illinois, usa"
"Password123","","0","0","1","2022-02-18","@MartynParker167831","167831","Martyn","Parker","6","Martyn.Parker167831@example.com","Corrupti.","edmonton, alberta, canada"
"Password123","","0","0","1","2022-02-18","@JoeDobson193381","193381","Joe","Dobson","70","Joe.Dobson193381@example.com","Quia.","buenos aires, capital federal, argentina"
"Password123","","0","0","1","2022-02-18","@TinaDavies6553","6553","Tina","Davies","40","Tina.Davies6553@example.com","Error.","greenville, south carolina, usa"
"Password123","","0","0","1","2022-02-18","@AlbertJenkins256334","256334","Albert","Jenkins","128","Albert.Jenkins256334@example.com","Quaerat.","andover, massachusetts, usa"
"Password123","","0","0","1","2022-02-18","@JacquelineMarsden173723","173723","Jacqueline","Marsden","41","Jacqueline.Marsden173723@example.com","Eum quo.","fairfield, maine, usa"
"Password123","","0","0","1","2022-02-18","@AshleighSummers45135","45135","Ashleigh","Summers","122","Ashleigh.Summers45135@example.com","Illum.","stephenville, newfoundland, canada"
"Password123","","0","0","1","2022-02-18","@PaulaHill102602","102602","Paula","Hill","76","Paula.Hill102602@example.com","Quibusdam.","chihuahua, chihuahua, mexico"
"Password123","","0","0","1","2022-02-18","@ReeceHayward31636","31636","Reece","Hayward","66","Reece.Hayward31636@example.com","Numquam.","north charleston, south carolina, usa"
"Password123","","0","0","1","2022-02-18","@JakeWard147332","147332","Jake","Ward","24","Jake.Ward147332@example.com","Occaecati.","oeiras, estremadura, portugal"
"Password123","","0","0","1","2022-02-18","@JeanClayton157079","157079","Jean","Clayton","76","Jean.Clayton157079@example.com","Beatae.","chicago, illinois, usa"
"Password123","","0","0","1","2022-02-18","@OliverDavies217074","217074","Oliver","Davies","108","Oliver.Davies217074@example.com","Autem.","ottawa, ontario, canada"
"Password123","","0","0","1","2022-02-18","@LeonJackson185937","185937","Leon","Jackson","86","Leon.Jackson185937@example.com","Molestiae.","cardiff, california, usa"
"Password123","","0","0","1","2022-02-18","@NeilPritchard140025","140025","Neil","Pritchard","6","Neil.Pritchard140025@example.com","Eius.","costa mesa, california, usa"
"Password123","","0","0","1","2022-02-18","@AbdulFisher196759","196759","Abdul","Fisher","88","Abdul.Fisher196759@example.com","Ullam.","san francisco, california, usa"
"Password123","","0","0","1","2022-02-18","@CharlieParker271926","271926","Charlie","Parker","123","Charlie.Parker271926@example.com","Veritatis.","sacramento, california, usa"
"Password123","","0","0","1","2022-02-18","@AshleighWelch62235","62235","Ashleigh","Welch","85","Ashleigh.Welch62235@example.com","Quasi.","porirua, new zealand, new zealand"
"Password123","","0","0","1","2022-02-18","@ElizabethHawkins184031","184031","Elizabeth","Hawkins","29","Elizabeth.Hawkins184031@example.com","Doloribus.","santa monica, california, usa"
"Password123","","0","0","1","2022-02-18","@JillRobson67055","67055","Jill","Robson","16","Jill.Robson67055@example.com","Sapiente.","lisboa, n/a, portugal"
"Password123","","0","0","1","2022-02-18","@JasmineNicholson91136","91136","Jasmine","Nicholson","32","Jasmine.Nicholson91136@example.com","Labore.","tehran, tehran, iran"
"Password123","","0","0","1","2022-02-18","@GeraldGordon234739","234739","Gerald","Gordon","56","Gerald.Gordon234739@example.com","Cumque.","rugby, england, united kingdom"
"Password123","","0","0","1","2022-02-18","@MaryRichards32963","32963","Mary","Richards","101","Mary.Richards32963@example.com","Illo.","coal city, illinois, usa"
"Password123","","0","0","1","2022-02-18","@ClaireDyer254163","254163","Claire","Dyer","104","Claire.Dyer254163@example.com","Maiores.","cookeville, tennessee, usa"
"Password123","","0","0","1","2022-02-18","@AnneWelch44987","44987","Anne","Welch","116","Anne.Welch44987@example.com","Sint iste.","québec, quebec, canada"
"Password123","","0","0","1","2022-02-18","@DennisDavey33956","33956","Dennis","Davey","137","Dennis.Davey33956@example.com","Cumque.","jamesville, new york, usa"
"Password123","","0","0","1","2022-02-18","@GemmaMann172180","172180","Gemma","Mann","102","Gemma.Mann172180@example.com","Illum.","bristol, england, united kingdom"
"Password123","","0","0","1","2022-02-18","@BrianBrown39974","39974","Brian","Brown","65","Brian.Brown39974@example.com","Dolore.","kibbutz ramat yohanan, n/a, israel"
"Password123","","0","0","1","2022-02-18","@DanielCollins166722","166722","Daniel","Collins","139","Daniel.Collins166722@example.com","Provident.","olympia, washington, usa"
"Password123","","0","0","1","2022-02-18","@WilliamWatson25398","25398","William","Watson","126","William.Watson25398@example.com","Veritatis.","olympia, washington, usa"
"Password123","","0","0","1","2022-02-18","@HollieSmith268904","268904","Hollie","Smith","23","Hollie.Smith268904@example.com","Odit.","clearfield, utah, usa"
"Password123","","0","0","1","2022-02-18","@DonnaRoberts247631","247631","Donna","Roberts","121","Donna.Roberts247631@example.com","Earum.","london, england, united kingdom"
"Password123","","0","0","1","2022-02-18","@GaryEvans185348","185348","Gary","Evans","83","Gary.Evans185348@example.com","Quod.","new york, new york, usa"
"Password123","","0","0","1","2022-02-18","@MathewKent120518","120518","Mathew","Kent","139","Mathew.Kent120518@example.com","Ut.","elmsdale, nova scotia, canada"
"Password123","","0","0","1","2022-02-18","@GarryWarren98584","98584","Garry","Warren","105","Garry.Warren98584@example.com","Ullam aut.","mils, \n/a\"", austria"""
"Password123","","0","0","1","2022-02-18","@PhilipPhillips215608","215608","Philip","Phillips","25","Philip.Phillips215608@example.com","Quo.","southampton, england, united kingdom"
"Password123","","0","0","1","2022-02-18","@DeanHolmes16361","16361","Dean","Holmes","142","Dean.Holmes16361@example.com","Deleniti.","evanston, illinois, usa"
"Password123","","0","0","1","2022-02-18","@JillHayward54739","54739","Jill","Hayward","113","Jill.Hayward54739@example.com","Minus.","gijón, asturias, spain"
"Password123","","0","0","1","2022-02-18","@SamanthaGray142478","142478","Samantha","Gray","50","Samantha.Gray142478@example.com","Possimus.","lilienthal, niedersachsen, germany"
"Password123","","0","0","1","2022-02-18","@HughWatkins200845","200845","Hugh","Watkins","99","Hugh.Watkins200845@example.com","Ea.","madrid, madrid, spain"
"Password123","","0","0","1","2022-02-18","@LeighHarding276353","276353","Leigh","Harding","129","Leigh.Harding276353@example.com","Sapiente.","hillsdale, new york, usa"
"Password123","","0","0","1","2022-02-18","@StuartBarton137951","137951","Stuart","Barton","6","Stuart.Barton137951@example.com","Dolor.","petaluma, california, usa"
"Password123","","0","0","1","2022-02-18","@ThomasChan161291","161291","Thomas","Chan","111","Thomas.Chan161291@example.com","Eius.","victoria, british columbia, canada"
"Password123","","0","0","1","2022-02-18","@EllieTaylor57730","57730","Ellie","Taylor","7","Ellie.Taylor57730@example.com","Magnam.","san diego, san diego, usa"
"Password123","","0","0","1","2022-02-18","@LindaWebster16716","16716","Linda","Webster","123","Linda.Webster16716@example.com","Accusamus.","seoul, n/a, south korea"
"Password123","","0","0","1","2022-02-18","@GordonCook125907","125907","Gordon","Cook","53","Gordon.Cook125907@example.com","Suscipit.","portland, oregon, usa"
"Password123","","0","0","1","2022-02-18","@NicoleAhmed63205","63205","Nicole","Ahmed","28","Nicole.Ahmed63205@example.com","Inventore.","morojable, las palmas de gran canaria, spain"
"Password123","","0","0","1","2022-02-18","@RaymondWilliams148216","148216","Raymond","Williams","101","Raymond.Williams148216@example.com","Ex.","forchheim, bayern, germany"
"Password123","","0","0","1","2022-02-18","@ShannonThomas274758","274758","Shannon","Thomas","71","Shannon.Thomas274758@example.com","Cum.","carcavelos, extremadura, portugal"
"Password123","","0","0","1","2022-02-18","@DanielParker23033","23033","Daniel","Parker","17","Daniel.Parker23033@example.com","Sunt ea.","fergus, ontario, canada"
"Password123","","0","0","1","2022-02-18","@LydiaWright242322","242322","Lydia","Wright","118","Lydia.Wright242322@example.com","Hic eum.","tukwila, washington, usa"
"Password123","","0","0","1","2022-02-18","@ElliotKaur10787","10787","Elliot","Kaur","145","Elliot.Kaur10787@example.com","Voluptas.",", , ireland"
"Password123","","0","0","1","2022-02-18","@CraigHayward32470","32470","Craig","Hayward","138","Craig.Hayward32470@example.com","Officia.","golegã, ribatejo, portugal"
"Password123","","0","0","1","2022-02-18","@LauraWall8706","8706","Laura","Wall","47","Laura.Wall8706@example.com","Pariatur.","olathe, kansas, usa"
"Password123","","0","0","1","2022-02-18","@KirstyBruce189767","189767","Kirsty","Bruce","41","Kirsty.Bruce189767@example.com","Quam odio.","montreal, queensland, canada"
"Password123","","0","0","1","2022-02-18","@ScottCox128986","128986","Scott","Cox","3","Scott.Cox128986@example.com","Cum.","mesquite, texas, usa"
"Password123","","0","0","1","2022-02-18","@BethanyBrown70212","70212","Bethany","Brown","34","Bethany.Brown70212@example.com","Quam.","villeurbanne, rhone, france"
"Password123","","0","0","1","2022-02-18","@HughGriffiths273081","273081","Hugh","Griffiths","16","Hugh.Griffiths273081@example.com","Quos.","gava, barcelona, spain"
"Password123","","0","0","1","2022-02-18","@LeanneCox138337","138337","Leanne","Cox","31","Leanne.Cox138337@example.com","Ullam.","saanichton, british columbia, canada"
"Password123","","0","0","1","2022-02-18","@CatherineWhitehouse152715","152715","Catherine","Whitehouse","12","Catherine.Whitehouse152715@example.com","Ducimus.","searcy, arkansas, usa"
"Password123","","0","0","1","2022-02-18","@CatherineLamb88058","88058","Catherine","Lamb","15","Catherine.Lamb88058@example.com","Quia.","salamanca, n/a, spain"
"Password123","","0","0","1","2022-02-18","@GaryWilson29642","29642","Gary","Wilson","4","Gary.Wilson29642@example.com","Veniam.","perth, western australia, australia"
"Password123","","0","0","1","2022-02-18","@IainGraham9274","9274","Iain","Graham","63","Iain.Graham9274@example.com","Dolore at.","fleet, hampshire, united kingdom"
"Password123","","0","0","1","2022-02-18","@PatrickNicholls49396","49396","Patrick","Nicholls","117","Patrick.Nicholls49396@example.com","Aliquam.","palaiseau, paris, france"
"Password123","","0","0","1","2022-02-18","@JasonCross120642","120642","Jason","Cross","69","Jason.Cross120642@example.com","Natus.","london, london, united kingdom"
"Password123","","0","0","1","2022-02-18","@JasonJohn134083","134083","Jason","John","40","Jason.John134083@example.com","Quo.","red deer county, alberta, canada"
"Password123","","0","0","1","2022-02-18","@JoyceBarlow258522","258522","Joyce","Barlow","24","Joyce.Barlow258522@example.com","Quasi.","portugal cove, newfoundland, canada"
"Password123","","0","0","1","2022-02-18","@MelissaDay237226","237226","Melissa","Day","34","Melissa.Day237226@example.com","Sequi.","muskegon, michigan, usa"
"Password123","","0","0","1","2022-02-18","@SylviaFranklin128231","128231","Sylvia","Franklin","24","Sylvia.Franklin128231@example.com","Saepe.","po box 184, west virginia, usa"
"Password123","","0","0","1","2022-02-18","@BethanyLamb129053","129053","Bethany","Lamb","37","Bethany.Lamb129053@example.com","Ut.","adelaide, south australia, australia"
"Password123","","0","0","1","2022-02-18","@BrettFitzgerald21201","21201","Brett","Fitzgerald","67","Brett.Fitzgerald21201@example.com","Labore.","pittsburgh, pennsylvania, usa"
"Password123","","0","0","1","2022-02-18","@StanleyMorris52010","52010","Stanley","Morris","92","Stanley.Morris52010@example.com","Porro.","galati, emilia romagna, romania"
"Password123","","0","0","1","2022-02-18","@JoelWoodward314","314","Joel","Woodward","103","Joel.Woodward314@example.com","Ratione.","århus, n/a, denmark"
"Password123","","0","0","1","2022-02-18","@FrederickMorris114178","114178","Frederick","Morris","115","Frederick.Morris114178@example.com","Aliquam.","tokyo, tokyo, japan"
"Password123","","0","0","1","2022-02-18","@PatriciaBoyle14457","14457","Patricia","Boyle","25","Patricia.Boyle14457@example.com","Saepe.","barcelona, barcelona, spain"
"Password123","","0","0","1","2022-02-18","@KimHargreaves16241","16241","Kim","Hargreaves","14","Kim.Hargreaves16241@example.com","Quod vero.","red deer, alberta, canada"
"Password123","","0","0","1","2022-02-18","@LesleyEdwards188398","188398","Lesley","Edwards","71","Lesley.Edwards188398@example.com","Laborum.","lexington, kentucky, usa"
"Password123","","0","0","1","2022-02-18","@LeslieYoung118668","118668","Leslie","Young","99","Leslie.Young118668@example.com","Autem.","königswinter, nordrhein-westfalen, germany"
"Password123","","0","0","1","2022-02-18","@CallumBryant147715","147715","Callum","Bryant","93","Callum.Bryant147715@example.com","Nulla.","madrid, madrid, spain"
"Password123","","0","0","1","2022-02-18","@AndreaPope201075","201075","Andrea","Pope","145","Andrea.Pope201075@example.com","Atque.","são paulo, sp, brazil"
"Password123","","0","0","1","2022-02-18","@SaraGibson169509","169509","Sara","Gibson","36","Sara.Gibson169509@example.com","Doloribus.","rockville, maryland, usa"
"Password123","","0","0","1","2022-02-18","@JessicaMann148963","148963","Jessica","Mann","147","Jessica.Mann148963@example.com","Nobis.","bogotá, n/a, colombia"
"Password123","","0","0","1","2022-02-18","@EleanorCurtis48407","48407","Eleanor","Curtis","91","Eleanor.Curtis48407@example.com","Autem.","seattle, washington, usa"
"Password123","","0","0","1","2022-02-18","@MauriceShah108824","108824","Maurice","Shah","101","Maurice.Shah108824@example.com","Dolore.","ottawa, ontario, canada"
"Password123","","0","0","1","2022-02-18","@AlbertHudson147233","147233","Albert","Hudson","75","Albert.Hudson147233@example.com","Magni.","melbourne, victoria, australia"
"Password123","","0","0","1","2022-02-18","@RachelMay89301","89301","Rachel","May","146","Rachel.May89301@example.com","Voluptate.","bologna, emilia romagna, italy"
"Password123","","0","0","1","2022-02-18","@RoyWatson231447","231447","Roy","Watson","36","Roy.Watson231447@example.com","Deleniti.","los angeles, california, usa"
"Password123","","0","0","1","2022-02-18","@DuncanDoyle107170","107170","Duncan","Doyle","30","Duncan.Doyle107170@example.com","Autem.","munich, europe, germany"
"Password123","","0","0","1","2022-02-18","@HeatherSingh83586","83586","Heather","Singh","89","Heather.Singh83586@example.com","Adipisci.","hereford, england, united kingdom"
"Password123","","0","0","1","2022-02-18","@MalcolmGibbs12099","12099","Malcolm","Gibbs","38","Malcolm.Gibbs12099@example.com","Qui.","xixon, asturies, spain"
"Password123","","0","0","1","2022-02-18","@BruceGrant265037","265037","Bruce","Grant","35","Bruce.Grant265037@example.com","Iste.","florence, toscana, italy"
"Password123","","0","0","1","2022-02-18","@LucyAli148331","148331","Lucy","Ali","38","Lucy.Ali148331@example.com","Rerum.","shively, kentucky, usa"
"Password123","","0","0","1","2022-02-18","@StuartJones112713","112713","Stuart","Jones","84","Stuart.Jones112713@example.com","Molestiae.","jk, new york, usa"
"Password123","","0","0","1","2022-02-18","@KatieButler7862","7862","Katie","Butler","67","Katie.Butler7862@example.com","Nostrum.","roma, lazio, italy"
"Password123","","0","0","1","2022-02-18","@JadeBradshaw45304","45304","Jade","Bradshaw","51","Jade.Bradshaw45304@example.com","Sint sunt.","los angeles, california, usa"
"Password123","","0","0","1","2022-02-18","@PatriciaThomas271944","271944","Patricia","Thomas","61","Patricia.Thomas271944@example.com","Ex.","nijmegen, gelderland, netherlands"
"Password123","","0","0","1","2022-02-18","@RobertSpencer153637","153637","Robert","Spencer","91","Robert.Spencer153637@example.com","Animi cum.","rockland, maine, usa"
"Password123","","0","0","1","2022-02-18","@ColinStokes117434","117434","Colin","Stokes","92","Colin.Stokes117434@example.com","Et qui.","memphis, tennessee, usa"
"Password123","","0","0","1","2022-02-18","@HollyBlackburn239694","239694","Holly","Blackburn","72","Holly.Blackburn239694@example.com","In quod.","syracuse, new york, usa"
"Password123","","0","0","1","2022-02-18","@JenniferMcCarthy252545","252545","Jennifer","McCarthy","25","Jennifer.McCarthy252545@example.com","Aperiam.","münchen, bayern, germany"
"Password123","","0","0","1","2022-02-18","@RyanRiley233342","233342","Ryan","Riley","118","Ryan.Riley233342@example.com","Ab.","lucerne, california, usa"
"Password123","","0","0","1","2022-02-18","@MartynCooper262773","262773","Martyn","Cooper","118","Martyn.Cooper262773@example.com","Non.","kista, sweden, sweden"
"Password123","","0","0","1","2022-02-18","@SamanthaRoberts102062","102062","Samantha","Roberts","148","Samantha.Roberts102062@example.com","Suscipit.","urbana, iowa, usa"
"Password123","","0","0","1","2022-02-18","@ChristopherBarton21480","21480","Christopher","Barton","140","Christopher.Barton21480@example.com","Quod.","boston, pennsylvania, usa"
"Password123","","0","0","1","2022-02-18","@JoelDay43497","43497","Joel","Day","113","Joel.Day43497@example.com","Quo optio.","columbus, ohio, usa"
"Password123","","0","0","1","2022-02-18","@WayneWallis62446","62446","Wayne","Wallis","25","Wayne.Wallis62446@example.com","Laborum.","encino, california, usa"
"Password123","","0","0","1","2022-02-18","@GillianJenkins67213","67213","Gillian","Jenkins","143","Gillian.Jenkins67213@example.com","Explicabo.","san jose, san jose, costa rica"
"Password123","","0","0","1","2022-02-18","@OliviaMoore226048","226048","Olivia","Moore","148","Olivia.Moore226048@example.com","Eos.","superior, wisconsin, usa"
"Password123","","0","0","1","2022-02-18","@LawrenceO'Brien159662","159662","Lawrence","O'Brien","92","Lawrence.O'Brien159662@example.com","In dicta.","durham, north carolina, usa"
"Password123","","0","0","1","2022-02-18","@RuthSharp276432","276432","Ruth","Sharp","113","Ruth.Sharp276432@example.com","Animi.","ocala, florida, usa"
"Password123","","0","0","1","2022-02-18","@ArthurShepherd78","78","Arthur","Shepherd","51","Arthur.Shepherd78@example.com","Tempora.","oakland, california, usa"
"Password123","","0","0","1","2022-02-18","@TraceyAnderson27843","27843","Tracey","Anderson","60","Tracey.Anderson27843@example.com","Tempore.","hastings, hawkes bay, new zealand"
"Password123","","0","0","1","2022-02-18","@MichelleMay153627","153627","Michelle","May","21","Michelle.May153627@example.com","Suscipit.","cleveland, ohio, usa"
"Password123","","0","0","1","2022-02-18","@JosephineGriffiths74560","74560","Josephine","Griffiths","143","Josephine.Griffiths74560@example.com","Non modi.","vancouver, washington, usa"
"Password123","","0","0","1","2022-02-18","@HenryChambers171638","171638","Henry","Chambers","82","Henry.Chambers171638@example.com","Ab culpa.","trout creek, montana, usa"
"Password123","","0","0","1","2022-02-18","@PhilipBegum89871","89871","Philip","Begum","119","Philip.Begum89871@example.com","Explicabo.","jacksonville, florida, usa"
"Password123","","0","0","1","2022-02-18","@BethanFox115026","115026","Bethan","Fox","116","Bethan.Fox115026@example.com","Suscipit.","mission viejo, california, usa"
"Password123","","0","0","1","2022-02-18","@NicolaGrant51695","51695","Nicola","Grant","147","Nicola.Grant51695@example.com","Vero.","evansville, indiana, usa"
"Password123","","0","0","1","2022-02-18","@LukeClark209232","209232","Luke","Clark","93","Luke.Clark209232@example.com","Veritatis.","edinburgh, scotland, united kingdom"
"Password123","","0","0","1","2022-02-18","@LaurenMason248265","248265","Lauren","Mason","120","Lauren.Mason248265@example.com","Maiores.","hialeah, florida, usa"
"Password123","","0","0","1","2022-02-18","@BradleyLewis23434","23434","Bradley","Lewis","50","Bradley.Lewis23434@example.com","Corrupti.","chicago, illinois, usa"
"Password123","","0","0","1","2022-02-18","@BenWells162893","162893","Ben","Wells","74","Ben.Wells162893@example.com","Quia.","los angeles, california, usa"
"Password123","","0","0","1","2022-02-18","@RachelCross116635","116635","Rachel","Cross","106","Rachel.Cross116635@example.com","Explicabo.","concord, california, usa"
"Password123","","0","0","1","2022-02-18","@AaronDobson88462","88462","Aaron","Dobson","16","Aaron.Dobson88462@example.com","Sit nihil.","aveiro, n/a, portugal"
"Password123","","0","0","1","2022-02-18","@JanetThompson19495","19495","Janet","Thompson","145","Janet.Thompson19495@example.com","Earum.","london, england, united kingdom"
"Password123","","0","0","1","2022-02-18","@DonaldHughes228613","228613","Donald","Hughes","119","Donald.Hughes228613@example.com","Sequi.","tallahassee, florida, usa"
"Password123","","0","0","1","2022-02-18","@CliveRobinson246569","246569","Clive","Robinson","56","Clive.Robinson246569@example.com","Officia.","hubbard, ohio, usa"
"Password123","","0","0","1","2022-02-18","@MaxWatts181606","181606","Max","Watts","73","Max.Watts181606@example.com","Iure.","berlin, berlin, germany"
"Password123","","0","0","1","2022-02-18","@GavinHutchinson150887","150887","Gavin","Hutchinson","149","Gavin.Hutchinson150887@example.com","Neque.","erbusco, lombardia, italy"
"Password123","","0","0","1","2022-02-18","@AntonyPayne71041","71041","Antony","Payne","14","Antony.Payne71041@example.com","At.","madrid, madrid, spain"
"Password123","","0","0","1","2022-02-18","@GordonDavison81515","81515","Gordon","Davison","57","Gordon.Davison81515@example.com","Quisquam.","victoria, british columbia, canada"
"Password123","","0","0","1","2022-02-18","@CharlieTownsend234927","234927","Charlie","Townsend","10","Charlie.Townsend234927@example.com","Eaque.","santa clara, california, usa"
"Password123","","0","0","1","2022-02-18","@RobinDavis85894","85894","Robin","Davis","56","Robin.Davis85894@example.com","Autem a.","exeter, new hampshire, usa"
"Password123","","0","0","1","2022-02-18","@JoelCurtis104214","104214","Joel","Curtis","50","Joel.Curtis104214@example.com","Occaecati.","accokeek, maryland, usa"
"Password123","","0","0","1","2022-02-18","@PaulineHodgson263802","263802","Pauline","Hodgson","58","Pauline.Hodgson263802@example.com","Adipisci.","orleans, centre, france"
"Password123","","0","0","1","2022-02-18","@AlexanderNewman182516","182516","Alexander","Newman","100","Alexander.Newman182516@example.com","Quia.","deutenhausen, bayern, germany"
"Password123","","0","0","1","2022-02-18","@RickyBurke272312","272312","Ricky","Burke","73","Ricky.Burke272312@example.com","Minus.","santiago de compostela, galicia, spain"
"Password123","","0","0","1","2022-02-18","@MichelleByrne143396","143396","Michelle","Byrne","71","Michelle.Byrne143396@example.com","Tenetur.","twinsburg, ohio, usa"
"Password123","","0","0","1","2022-02-18","@MarieHarrison272516","272516","Marie","Harrison","12","Marie.Harrison272516@example.com","Rerum.","phoenix, arizona, usa"
"Password123","","0","0","1","2022-02-18","@ChristineDavies6133","6133","Christine","Davies","141","Christine.Davies6133@example.com","Aliquam.","longzhou, guangxi, china"
"Password123","","0","0","1","2022-02-18","@LeslieAhmed115092","115092","Leslie","Ahmed","75","Leslie.Ahmed115092@example.com","Quam.","aarhus c, n/a, denmark"
"Password123","","0","0","1","2022-02-18","@FrancescaOliver176059","176059","Francesca","Oliver","54","Francesca.Oliver176059@example.com","Ex.","duesseldorf, nordrhein-westfalen, germany"
"Password123","","0","0","1","2022-02-18","@BruceThomson35301","35301","Bruce","Thomson","79","Bruce.Thomson35301@example.com","Aut.","gillingham, england, united kingdom"
"Password123","","0","0","1","2022-02-18","@DianaFord201064","201064","Diana","Ford","1","Diana.Ford201064@example.com","Alias.","st louis, missouri, usa"
"Password123","","0","0","1","2022-02-18","@NicolaWilliamson201674","201674","Nicola","Williamson","92","Nicola.Williamson201674@example.com","Placeat.","sellersville, pennsylvania, usa"
"Password123","","0","0","1","2022-02-18","@AnthonyDavies261638","261638","Anthony","Davies","20","Anthony.Davies261638@example.com","Alias.","prato, toscana, italy"
"Password123","","0","0","1","2022-02-18","@GordonWright31325","31325","Gordon","Wright","143","Gordon.Wright31325@example.com","Fugiat.","raleigh, north carolina,"
"Password123","","0","0","1","2022-02-18","@NaomiBennett15386","15386","Naomi","Bennett","19","Naomi.Bennett15386@example.com","Ea dolor.","winnipeg, manitoba, canada"
"Password123","","0","0","1","2022-02-18","@PamelaNicholson71184","71184","Pamela","Nicholson","76","Pamela.Nicholson71184@example.com","Similique.","bk-steinbach, baden-wuerttemberg, germany"
"Password123","","0","0","1","2022-02-18","@LukeRowe147399","147399","Luke","Rowe","53","Luke.Rowe147399@example.com","Debitis.","genova, liguria, italy"
"Password123","","0","0","1","2022-02-18","@JulianHoward174208","174208","Julian","Howard","74","Julian.Howard174208@example.com","Deleniti.","montebelluna, veneto, italy"
"Password123","","0","0","1","2022-02-18","@JoyceBell135361","135361","Joyce","Bell","133","Joyce.Bell135361@example.com","Magnam.","berkeley, california, usa"
"Password123","","0","0","1","2022-02-18","@ColinClayton82775","82775","Colin","Clayton","103","Colin.Clayton82775@example.com","Aut culpa.","leamington, ontario, canada"
"Password123","","0","0","1","2022-02-18","@CliveTurner200906","200906","Clive","Turner","78","Clive.Turner200906@example.com","Officia.","8410, 8410, denmark"
"Password123","","0","0","1","2022-02-18","@IainHodgson187583","187583","Iain","Hodgson","104","Iain.Hodgson187583@example.com","Vitae.","berlin, berlin, germany"
"Password123","","0","0","1","2022-02-18","@ChristianBrown236244","236244","Christian","Brown","141","Christian.Brown236244@example.com","Mollitia.","belgrade, n/a, yugoslavia"
"Password123","","0","0","1","2022-02-18","@CarolynWilson6447","6447","Carolyn","Wilson","41","Carolyn.Wilson6447@example.com","Incidunt.","algeciras, cádiz, spain"
"Password123","","0","0","1","2022-02-18","@JuneBrown178951","178951","June","Brown","114","June.Brown178951@example.com","Sapiente.","comanche, texas, usa"
"Password123","","0","0","1","2022-02-18","@MarionPrice94783","94783","Marion","Price","109","Marion.Price94783@example.com","Possimus.","barcelona, queensland, spain"
"Password123","","0","0","1","2022-02-18","@RobertWheeler13989","13989","Robert","Wheeler","43","Robert.Wheeler13989@example.com","Ad.","aurora, colorado, usa"
"Password123","","0","0","1","2022-02-18","@PaulBrown195659","195659","Paul","Brown","52","Paul.Brown195659@example.com","Totam.","manchester, greater manchester, united kingdom"
"Password123","","0","0","1","2022-02-18","@AdrianPorter46648","46648","Adrian","Porter","8","Adrian.Porter46648@example.com","Nobis.","los angeles, california, usa"
"Password123","","0","0","1","2022-02-18","@RichardIngram222573","222573","Richard","Ingram","113","Richard.Ingram222573@example.com","Velit.","hochwald, solothurn, switzerland"
"Password123","","0","0","1","2022-02-18","@KarenQuinn209308","209308","Karen","Quinn","14","Karen.Quinn209308@example.com","Deserunt.","azle, texas, usa"
"Password123","","0","0","1","2022-02-18","@DeniseTaylor109190","109190","Denise","Taylor","11","Denise.Taylor109190@example.com","Tempora.","toluca lake, california, usa"
"Password123","","0","0","1","2022-02-18","@CarolineShah119919","119919","Caroline","Shah","8","Caroline.Shah119919@example.com","Aperiam.","mestre (ve), veneto, italy"
"Password123","","0","0","1","2022-02-18","@JamieKaur168781","168781","Jamie","Kaur","3","Jamie.Kaur168781@example.com","Facere.","toronto, ontario, canada"
"Password123","","0","0","1","2022-02-18","@KennethTucker162185","162185","Kenneth","Tucker","52","Kenneth.Tucker162185@example.com","Earum.","cardiff, wales, united kingdom"
"Password123","","0","0","1","2022-02-18","@TerenceMorley249246","249246","Terence","Morley","121","Terence.Morley249246@example.com","Est.","vancouver, british columbia,"
"Password123","","0","0","1","2022-02-18","@MartinKhan52318","52318","Martin","Khan","90","Martin.Khan52318@example.com","Laborum.","aix en provence, paca, france"
"Password123","","0","0","1","2022-02-18","@HollyKaur175303","175303","Holly","Kaur","112","Holly.Kaur175303@example.com","Autem ea.","lafayette, indiana, usa"
"Password123","","0","0","1","2022-02-18","@DeborahBell113322","113322","Deborah","Bell","9","Deborah.Bell113322@example.com","Harum.","eagle lake, minnesota, usa"
"Password123","","0","0","1","2022-02-18","@RichardYoung82174","82174","Richard","Young","30","Richard.Young82174@example.com","Veritatis.","gatineau, quebec, canada"
"Password123","","0","0","1","2022-02-18","@GregoryBell251101","251101","Gregory","Bell","105","Gregory.Bell251101@example.com","Placeat.","sunrise, florida, usa"
"Password123","","0","0","1","2022-02-18","@NigelJennings65333","65333","Nigel","Jennings","6","Nigel.Jennings65333@example.com","Placeat.","dublin, ohio, usa"
"Password123","","0","0","1","2022-02-18","@GlennThomas36865","36865","Glenn","Thomas","106","Glenn.Thomas36865@example.com","Nam autem.","reading, berkshire, united kingdom"
"Password123","","0","0","1","2022-02-18","@VictoriaTaylor18451","18451","Victoria","Taylor","98","Victoria.Taylor18451@example.com","Sed.","berlin, berlin, germany"
"Password123","","0","0","1","2022-02-18","@RosemaryO'Brien147495","147495","Rosemary","O'Brien","48","Rosemary.O'Brien147495@example.com","Tempore.","bicester, n/a, united kingdom"
"Password123","","0","0","1","2022-02-18","@SarahSingh209352","209352","Sarah","Singh","39","Sarah.Singh209352@example.com","Nihil.","lawrenceville, georgia, usa"
"Password123","","0","0","1","2022-02-18","@ElliottDonnelly238268","238268","Elliott","Donnelly","34","Elliott.Donnelly238268@example.com","Voluptate.","glen daniel, west virginia, usa"
"Password123","","0","0","1","2022-02-18","@DawnRiley29231","29231","Dawn","Riley","120","Dawn.Riley29231@example.com","Hic.","christchurch, canterbury, new zealand"
"Password123","","0","0","1","2022-02-18","@KennethAndrews254624","254624","Kenneth","Andrews","86","Kenneth.Andrews254624@example.com","Fugiat.","port lincoln, south australia, australia"
"Password123","","0","0","1","2022-02-18","@JemmaCollins155078","155078","Jemma","Collins","136","Jemma.Collins155078@example.com","Eligendi.","prospect park, new jersey, usa"
"Password123","","0","0","1","2022-02-18","@JaniceJarvis259630","259630","Janice","Jarvis","140","Janice.Jarvis259630@example.com","Magnam.","eastland, texas, usa"
"Password123","","0","0","1","2022-02-18","@TeresaKhan243371","243371","Teresa","Khan","131","Teresa.Khan243371@example.com","Modi.","winnipeg, manitoba, canada"
"Password123","","0","0","1","2022-02-18","@IreneMartin89686","89686","Irene","Martin","114","Irene.Martin89686@example.com","Dolor.","berlin, n/a, germany"
"Password123","","0","0","1","2022-02-18","@TobyHarris116070","116070","Toby","Harris","62","Toby.Harris116070@example.com","Laborum.","lexington, kentucky, usa"
"Password123","","0","0","1","2022-02-18","@DerekHarrison168819","168819","Derek","Harrison","30","Derek.Harrison168819@example.com","Facilis.","milano, ,"
"Password123","","0","0","1","2022-02-18","@GaryTaylor139257","139257","Gary","Taylor","130","Gary.Taylor139257@example.com","Saepe.","exeter, pennsylvania, usa"
"Password123","","0","0","1","2022-02-18","@MarilynPatel5796","5796","Marilyn","Patel","75","Marilyn.Patel5796@example.com","Explicabo.","sainte genevieve des bois, ile de france, france"
"Password123","","0","0","1","2022-02-18","@GailOwen151472","151472","Gail","Owen","59","Gail.Owen151472@example.com","Explicabo.","hagerstown, maryland, usa"
"Password123","","0","0","1","2022-02-18","@JoyceBond88480","88480","Joyce","Bond","96","Joyce.Bond88480@example.com","Odio.","aptos, california, usa"
"Password123","","0","0","1","2022-02-18","@KellyGriffiths206845","206845","Kelly","Griffiths","107","Kelly.Griffiths206845@example.com","Animi.","marlbank, ontario, canada"
"Password123","","0","0","1","2022-02-18","@HughThompson11163","11163","Hugh","Thompson","83","Hugh.Thompson11163@example.com","Officiis.","oswestry, england, united kingdom"
"Password123","","0","0","1","2022-02-18","@OliviaTaylor21479","21479","Olivia","Taylor","40","Olivia.Taylor21479@example.com","Delectus.","temecula, california, usa"
"Password123","","0","0","1","2022-02-18","@JonathanRose25628","25628","Jonathan","Rose","136","Jonathan.Rose25628@example.com","Quasi.","sydney, new south wales, australia"
"Password123","","0","0","1","2022-02-18","@RosieEdwards23044","23044","Rosie","Edwards","138","Rosie.Edwards23044@example.com","Quis.","london, england, united kingdom"
"Password123","","0","0","1","2022-02-18","@SamuelClarke244108","244108","Samuel","Clarke","114","Samuel.Clarke244108@example.com","Facere.","m ount morris, michigan, usa"
"Password123","","0","0","1","2022-02-18","@JordanLee238067","238067","Jordan","Lee","111","Jordan.Lee238067@example.com","Quos unde.","la, california, usa"
"Password123","","0","0","1","2022-02-18","@RussellCrawford60471","60471","Russell","Crawford","29","Russell.Crawford60471@example.com","Animi.","myrtle beach, south carolina, usa"
"Password123","","0","0","1","2022-02-18","@NicholasTalbot122850","122850","Nicholas","Talbot","32","Nicholas.Talbot122850@example.com","Mollitia.","cardiff, wales, united kingdom"
"Password123","","0","0","1","2022-02-18","@BenRobertson72384","72384","Ben","Robertson","47","Ben.Robertson72384@example.com","Quae nam.","madrid, madrid, spain"
"Password123","","0","0","1","2022-02-18","@KarlBarlow93388","93388","Karl","Barlow","128","Karl.Barlow93388@example.com","Quidem.","aveley, essex, england, united kingdom"
"Password123","","0","0","1","2022-02-18","@ClareHunter224260","224260","Clare","Hunter","116","Clare.Hunter224260@example.com","Similique.","birmingham, alabama, usa"
"Password123","","0","0","1","2022-02-18","@RosemaryLawrence87227","87227","Rosemary","Lawrence","88","Rosemary.Lawrence87227@example.com","Cum non.","halifax, nova scotia, canada"
"Password123","","0","0","1","2022-02-18","@OliviaFord186796","186796","Olivia","Ford","77","Olivia.Ford186796@example.com","Tenetur.","columbus, ohio, usa"
"Password123","","0","0","1","2022-02-18","@NicoleWhite131555","131555","Nicole","White","103","Nicole.White131555@example.com","Assumenda.","rittman, ohio, usa"
"Password123","","0","0","1","2022-02-18","@IanHill29160","29160","Ian","Hill","126","Ian.Hill29160@example.com","Rerum.","lexington, south carolina, usa"
"Password123","","0","0","1","2022-02-18","@LeonGeorge14331","14331","Leon","George","13","Leon.George14331@example.com","Quod ea.","indian rocks beach, florida, usa"
"Password123","","0","0","1","2022-02-18","@SheilaCurtis209046","209046","Sheila","Curtis","3","Sheila.Curtis209046@example.com","Quidem.","gardnerville, nevada, usa"
"Password123","","0","0","1","2022-02-18","@HannahGreen275642","275642","Hannah","Green","36","Hannah.Green275642@example.com","Cumque.","pittsburgh, pennsylvania, usa"
"Password123","","0","0","1","2022-02-18","@SallyDobson13260","13260","Sally","Dobson","87","Sally.Dobson13260@example.com","Facere.","boise, id, usa"
"Password123","","0","0","1","2022-02-18","@TobyHiggins150749","150749","Toby","Higgins","29","Toby.Higgins150749@example.com","Quas.","zürich, zh, switzerland"
"Password123","","0","0","1","2022-02-18","@JoshuaRichards96729","96729","Joshua","Richards","2","Joshua.Richards96729@example.com","Non.","san francisco, california, usa"
"Password123","","0","0","1","2022-02-18","@AdamThomas205099","205099","Adam","Thomas","15","Adam.Thomas205099@example.com","Eum.","méxico, df, mexico"
"Password123","","0","0","1","2022-02-18","@MitchellHall218195","218195","Mitchell","Hall","61","Mitchell.Hall218195@example.com","Error.","tucson, arizona, usa"
"Password123","","0","0","1","2022-02-18","@RickySmith241265","241265","Ricky","Smith","136","Ricky.Smith241265@example.com","Odit.","cornwall, connecticut, usa"
"Password123","","0","0","1","2022-02-18","@GeorginaStokes216027","216027","Georgina","Stokes","115","Georgina.Stokes216027@example.com","Ad.","manchester, michigan, usa"
"Password123","","0","0","1","2022-02-18","@PamelaEdwards6326","6326","Pamela","Edwards","99","Pamela.Edwards6326@example.com","Iusto.","baxter, tennessee, usa"
"Password123","","0","0","1","2022-02-18","@GeorgeBryan47409","47409","George","Bryan","91","George.Bryan47409@example.com","Ut aut.","vancouver, british columbia, canada"
"Password123","","0","0","1","2022-02-18","@TobyWood265846","265846","Toby","Wood","148","Toby.Wood265846@example.com","Voluptas.","alice, texas, usa"
"Password123","","0","0","1","2022-02-18","@KieranAllen74165","74165","Kieran","Allen","107","Kieran.Allen74165@example.com","Eum sed.","naperville, illinois, usa"
"Password123","","0","0","1","2022-02-18","@DonaldTurner214054","214054","Donald","Turner","94","Donald.Turner214054@example.com","Est.","bern, bern, switzerland"
"Password123","","0","0","1","2022-02-18","@MarcRose61447","61447","Marc","Rose","21","Marc.Rose61447@example.com","Nemo.","candler, north carolina, usa"
"Password123","","0","0","1","2022-02-18","@LauraGordon142685","142685","Laura","Gordon","69","Laura.Gordon142685@example.com","Laborum.","spokane, washington, usa"
